gq_id,cbg_id,p_id,hh_id
5,18,1,0
5,18,2,0
5,18,3,0
5,18,4,0
5,18,5,0
5,18,6,0
5,18,7,0
5,18,8,0
5,18,9,0
5,18,10,0
5,18,11,0
5,18,12,0
5,18,13,0
5,18,14,0
5,18,15,0
5,18,16,0
5,18,17,0
5,18,18,0
5,18,19,0
5,18,20,0
5,18,21,0
5,18,22,0
5,18,23,0
5,18,24,0
5,18,25,0
5,18,26,0
5,18,27,0
5,18,28,0
5,18,29,0
5,18,30,0
5,18,31,0
5,18,32,0
5,18,33,0
5,18,34,0
5,18,35,0
5,18,36,0
5,18,37,0
5,18,38,0
5,18,39,0
5,18,40,0
5,18,41,0
5,18,42,0
5,18,43,0
5,18,44,0
5,18,45,0
5,18,46,0
5,18,47,0
5,18,48,0
5,18,49,0
5,18,50,0
5,18,51,0
5,18,52,0
5,18,53,0
5,18,54,0
5,18,55,0
5,18,56,0
5,18,57,0
5,18,58,0
5,18,59,0
5,18,60,0
5,18,61,0
5,18,62,0
5,18,63,0
5,18,64,0
5,18,65,0
5,18,66,0
5,18,67,0
5,18,68,0
5,18,69,0
5,18,70,0
5,18,71,0
5,18,72,0
5,18,73,0
5,18,74,0
5,18,75,0
1,21,1,0
1,21,2,0
1,21,3,0
1,21,4,0
1,21,5,0
1,21,6,0
1,21,7,0
1,21,8,0
1,21,9,0
1,21,10,0
1,21,11,0
1,21,12,0
1,21,13,0
1,21,14,0
1,21,15,0
1,21,16,0
1,21,17,0
1,21,18,0
1,21,19,0
1,21,20,0
1,21,21,0
1,21,22,0
1,21,23,0
1,21,24,0
1,21,25,0
5,28,1,0
5,28,2,0
5,28,3,0
5,28,4,0
5,28,5,0
5,28,6,0
5,28,7,0
5,28,8,0
5,28,9,0
5,28,10,0
5,28,11,0
5,28,12,0
5,28,13,0
5,28,14,0
5,28,15,0
5,28,16,0
5,28,17,0
5,28,18,0
5,28,19,0
5,28,20,0
5,28,21,0
5,28,22,0
5,28,23,0
5,28,24,0
5,28,25,0
5,28,26,0
5,28,27,0
5,28,28,0
5,28,29,0
5,28,30,0
5,28,31,0
5,28,32,0
5,28,33,0
5,28,34,0
5,28,35,0
5,28,36,0
5,28,37,0
5,28,38,0
5,28,39,0
5,28,40,0
5,28,41,0
5,28,42,0
5,28,43,0
5,28,44,0
5,28,45,0
5,28,46,0
5,28,47,0
5,28,48,0
5,32,1,0
5,32,2,0
5,32,3,0
5,32,4,0
5,32,5,0
5,32,6,0
5,32,7,0
5,32,8,0
5,32,9,0
5,32,10,0
5,32,11,0
5,32,12,0
5,32,13,0
5,32,14,0
5,32,15,0
5,32,16,0
5,32,17,0
5,32,18,0
5,32,19,0
5,32,20,0
5,32,21,0
5,32,22,0
5,32,23,0
5,32,24,0
5,32,25,0
5,32,26,0
5,32,27,0
5,32,28,0
5,32,29,0
5,32,30,0
5,32,31,0
5,32,32,0
5,32,33,0
5,32,34,0
5,32,35,0
5,32,36,0
5,32,37,0
5,32,38,0
5,32,39,0
5,32,40,0
5,32,41,0
5,32,42,0
5,32,43,0
5,32,44,0
5,32,45,0
5,32,46,0
5,32,47,0
5,32,48,0
5,32,49,0
5,32,50,0
5,32,51,0
5,32,52,0
5,32,53,0
5,32,54,0
5,32,55,0
5,32,56,0
5,32,57,0
5,32,58,0
5,32,59,0
5,32,60,0
5,32,61,0
5,32,62,0
5,32,63,0
5,32,64,0
5,32,65,0
5,32,66,0
5,32,67,0
5,32,68,0
5,32,69,0
5,32,70,0
5,32,71,0
5,32,72,0
5,32,73,0
5,32,74,0
5,32,75,0
5,32,76,0
5,32,77,0
5,32,78,0
5,32,79,0
5,32,80,0
5,32,81,0
5,32,82,0
5,32,83,0
5,32,84,0
5,32,85,0
5,32,86,0
5,32,87,0
5,32,88,0
5,32,89,0
5,32,90,0
5,32,91,0
5,32,92,0
5,32,93,0
5,32,94,0
5,32,95,0
5,32,96,0
5,32,97,0
5,32,98,0
5,32,99,0
5,32,100,0
5,32,101,0
5,32,102,0
5,32,103,0
5,32,104,0
5,32,105,0
5,32,106,0
5,32,107,0
5,32,108,0
5,32,109,0
3,37,1,0
3,37,2,0
3,37,3,0
3,37,4,0
3,37,5,0
3,37,6,0
3,37,7,0
3,37,8,0
3,37,9,0
3,37,10,0
3,37,11,0
3,37,12,0
3,37,13,0
3,37,14,0
3,37,15,0
3,37,16,0
3,37,17,0
3,37,18,0
3,37,19,0
3,37,20,0
3,37,21,0
3,37,22,0
3,37,23,0
3,37,24,0
3,37,25,0
3,37,26,0
3,37,27,0
3,37,28,0
3,37,29,0
3,37,30,0
3,37,31,0
3,37,32,0
3,37,33,0
3,37,34,0
3,37,35,0
2,38,1,0
2,38,2,0
2,38,3,0
2,38,4,0
2,38,5,0
2,38,6,0
2,38,7,0
2,38,8,0
2,38,9,0
2,38,10,0
2,38,11,0
2,38,12,0
2,38,13,0
2,38,14,0
2,38,15,0
2,38,16,0
2,38,17,0
2,38,18,0
2,38,19,0
2,38,20,0
2,38,21,0
2,38,22,0
2,38,23,0
2,38,24,0
2,38,25,0
2,38,26,0
2,38,27,0
2,38,28,0
2,38,29,0
2,38,30,0
2,38,31,0
2,38,32,0
2,38,33,0
2,38,34,0
2,38,35,0
2,38,36,0
2,38,37,0
2,38,38,0
2,38,39,0
2,38,40,0
2,38,41,0
2,38,42,0
2,38,43,0
2,38,44,0
2,38,45,0
2,38,46,0
2,38,47,0
2,38,48,0
2,38,49,0
2,38,50,0
2,38,51,0
2,38,52,0
2,38,53,0
2,38,54,0
2,38,55,0
2,38,56,0
2,38,57,0
2,38,58,0
2,38,59,0
2,38,60,0
2,38,61,0
2,38,62,0
2,38,63,0
2,38,64,0
2,38,65,0
2,38,66,0
2,38,67,0
2,38,68,0
2,38,69,0
2,38,70,0
2,38,71,0
2,38,72,0
2,38,73,0
2,38,74,0
2,38,75,0
2,38,76,0
2,38,77,0
2,38,78,0
2,38,79,0
2,38,80,0
2,38,81,0
2,38,82,0
2,38,83,0
2,38,84,0
2,38,85,0
2,38,86,0
2,38,87,0
2,38,88,0
2,38,89,0
3,38,90,0
3,38,91,0
3,38,92,0
3,38,93,0
3,38,94,0
3,38,95,0
3,38,96,0
3,38,97,0
3,38,98,0
3,38,99,0
3,38,100,0
3,38,101,0
3,38,102,0
3,38,103,0
3,38,104,0
3,38,105,0
3,38,106,0
3,38,107,0
3,38,108,0
3,38,109,0
3,38,110,0
3,38,111,0
3,38,112,0
3,38,113,0
3,38,114,0
3,38,115,0
3,38,116,0
3,38,117,0
3,38,118,0
3,38,119,0
3,38,120,0
3,38,121,0
3,38,122,0
3,38,123,0
3,38,124,0
3,38,125,0
3,38,126,0
3,38,127,0
3,38,128,0
3,38,129,0
3,38,130,0
3,38,131,0
3,38,132,0
3,38,133,0
3,38,134,0
3,38,135,0
3,38,136,0
3,38,137,0
3,38,138,0
3,38,139,0
3,38,140,0
3,38,141,0
3,38,142,0
3,38,143,0
3,38,144,0
3,38,145,0
3,38,146,0
3,38,147,0
3,38,148,0
3,38,149,0
3,38,150,0
3,38,151,0
3,38,152,0
3,38,153,0
3,38,154,0
3,38,155,0
3,38,156,0
3,38,157,0
3,38,158,0
3,38,159,0
3,38,160,0
3,38,161,0
3,38,162,0
3,38,163,0
3,38,164,0
3,38,165,0
3,38,166,0
3,38,167,0
3,38,168,0
3,38,169,0
3,38,170,0
3,38,171,0
3,38,172,0
3,38,173,0
3,38,174,0
3,38,175,0
3,38,176,0
3,38,177,0
3,38,178,0
3,38,179,0
3,38,180,0
3,38,181,0
3,38,182,0
3,38,183,0
3,38,184,0
3,38,185,0
3,38,186,0
3,38,187,0
3,38,188,0
3,38,189,0
3,38,190,0
3,38,191,0
3,38,192,0
3,38,193,0
3,38,194,0
3,38,195,0
3,38,196,0
3,38,197,0
3,38,198,0
3,38,199,0
3,38,200,0
3,38,201,0
3,38,202,0
3,38,203,0
3,38,204,0
3,38,205,0
3,38,206,0
3,38,207,0
3,38,208,0
3,38,209,0
3,38,210,0
3,38,211,0
3,38,212,0
3,38,213,0
3,38,214,0
3,38,215,0
3,38,216,0
3,38,217,0
3,38,218,0
3,38,219,0
3,38,220,0
3,38,221,0
3,38,222,0
3,38,223,0
3,38,224,0
3,38,225,0
3,38,226,0
3,38,227,0
3,38,228,0
3,38,229,0
3,38,230,0
3,38,231,0
3,38,232,0
3,38,233,0
3,38,234,0
3,38,235,0
3,38,236,0
3,38,237,0
3,38,238,0
3,38,239,0
3,38,240,0
3,38,241,0
3,38,242,0
3,38,243,0
3,38,244,0
3,38,245,0
3,38,246,0
3,38,247,0
3,38,248,0
3,38,249,0
3,38,250,0
3,38,251,0
3,38,252,0
3,38,253,0
3,38,254,0
3,38,255,0
3,38,256,0
3,38,257,0
3,38,258,0
3,38,259,0
3,38,260,0
3,38,261,0
3,38,262,0
3,38,263,0
3,38,264,0
3,38,265,0
3,38,266,0
3,38,267,0
3,38,268,0
3,38,269,0
3,38,270,0
3,38,271,0
3,38,272,0
3,38,273,0
3,38,274,0
3,38,275,0
3,38,276,0
3,38,277,0
3,38,278,0
3,38,279,0
3,38,280,0
3,38,281,0
3,38,282,0
3,38,283,0
3,38,284,0
3,38,285,0
3,38,286,0
3,38,287,0
3,38,288,0
3,38,289,0
3,38,290,0
3,38,291,0
3,38,292,0
3,38,293,0
3,38,294,0
3,38,295,0
3,38,296,0
3,38,297,0
3,38,298,0
3,38,299,0
3,38,300,0
3,38,301,0
3,38,302,0
3,38,303,0
3,38,304,0
3,38,305,0
3,38,306,0
3,38,307,0
3,38,308,0
3,38,309,0
3,38,310,0
3,38,311,0
3,38,312,0
3,38,313,0
3,38,314,0
3,38,315,0
3,38,316,0
3,38,317,0
3,38,318,0
3,38,319,0
3,38,320,0
3,38,321,0
3,38,322,0
3,38,323,0
3,38,324,0
3,38,325,0
3,38,326,0
3,38,327,0
3,38,328,0
3,38,329,0
3,38,330,0
3,38,331,0
3,38,332,0
3,38,333,0
3,38,334,0
3,38,335,0
3,38,336,0
3,38,337,0
3,38,338,0
3,38,339,0
3,38,340,0
3,38,341,0
3,38,342,0
3,38,343,0
3,38,344,0
3,38,345,0
3,38,346,0
3,38,347,0
3,38,348,0
3,38,349,0
3,38,350,0
3,38,351,0
3,38,352,0
3,38,353,0
3,38,354,0
3,38,355,0
3,38,356,0
3,38,357,0
3,38,358,0
3,38,359,0
3,38,360,0
3,38,361,0
3,38,362,0
3,38,363,0
3,38,364,0
3,38,365,0
3,38,366,0
3,38,367,0
3,38,368,0
3,38,369,0
3,38,370,0
3,38,371,0
3,38,372,0
3,38,373,0
3,38,374,0
3,38,375,0
3,38,376,0
3,38,377,0
3,38,378,0
3,38,379,0
3,38,380,0
3,38,381,0
3,38,382,0
3,38,383,0
3,38,384,0
3,38,385,0
3,38,386,0
3,38,387,0
3,38,388,0
3,38,389,0
3,38,390,0
3,38,391,0
3,38,392,0
3,38,393,0
3,38,394,0
3,38,395,0
3,38,396,0
3,38,397,0
3,38,398,0
3,38,399,0
3,38,400,0
3,38,401,0
3,38,402,0
3,38,403,0
3,38,404,0
3,38,405,0
3,38,406,0
3,38,407,0
3,38,408,0
3,38,409,0
3,38,410,0
3,38,411,0
3,38,412,0
3,38,413,0
3,38,414,0
3,38,415,0
3,38,416,0
3,38,417,0
3,38,418,0
3,38,419,0
3,38,420,0
3,38,421,0
3,38,422,0
3,38,423,0
3,38,424,0
3,38,425,0
3,38,426,0
3,38,427,0
3,38,428,0
3,38,429,0
3,38,430,0
3,38,431,0
3,38,432,0
3,38,433,0
3,38,434,0
3,38,435,0
3,38,436,0
3,38,437,0
3,38,438,0
3,38,439,0
3,38,440,0
3,38,441,0
3,38,442,0
3,38,443,0
3,38,444,0
3,38,445,0
3,38,446,0
3,38,447,0
3,38,448,0
3,38,449,0
3,38,450,0
3,38,451,0
3,38,452,0
3,38,453,0
3,38,454,0
3,38,455,0
3,38,456,0
3,38,457,0
3,38,458,0
3,38,459,0
3,38,460,0
3,38,461,0
3,38,462,0
3,38,463,0
3,38,464,0
3,38,465,0
3,38,466,0
3,38,467,0
3,38,468,0
3,38,469,0
3,38,470,0
3,38,471,0
3,38,472,0
3,38,473,0
3,38,474,0
3,38,475,0
3,38,476,0
3,38,477,0
3,38,478,0
3,38,479,0
3,38,480,0
3,38,481,0
2,55,1,0
2,55,2,0
2,55,3,0
2,55,4,0
2,55,5,0
2,55,6,0
2,55,7,0
2,55,8,0
2,55,9,0
2,55,10,0
2,55,11,0
2,55,12,0
2,55,13,0
2,55,14,0
2,55,15,0
2,55,16,0
2,55,17,0
2,55,18,0
2,55,19,0
2,55,20,0
2,55,21,0
2,55,22,0
2,55,23,0
2,55,24,0
2,55,25,0
2,55,26,0
2,55,27,0
2,55,28,0
2,55,29,0
2,55,30,0
2,55,31,0
2,55,32,0
2,55,33,0
2,55,34,0
2,55,35,0
2,55,36,0
2,55,37,0
2,55,38,0
2,55,39,0
2,55,40,0
2,55,41,0
2,55,42,0
2,55,43,0
2,55,44,0
2,55,45,0
2,55,46,0
2,55,47,0
2,55,48,0
2,55,49,0
2,55,50,0
2,55,51,0
2,55,52,0
2,55,53,0
2,55,54,0
2,55,55,0
2,55,56,0
2,55,57,0
2,55,58,0
2,55,59,0
2,55,60,0
2,55,61,0
2,55,62,0
2,55,63,0
2,55,64,0
2,55,65,0
2,55,66,0
2,55,67,0
2,55,68,0
2,55,69,0
2,55,70,0
2,55,71,0
2,55,72,0
2,55,73,0
2,55,74,0
2,55,75,0
2,55,76,0
2,55,77,0
2,55,78,0
2,55,79,0
2,55,80,0
2,55,81,0
2,55,82,0
2,55,83,0
2,55,84,0
2,55,85,0
2,55,86,0
2,55,87,0
2,55,88,0
2,55,89,0
2,55,90,0
2,55,91,0
2,55,92,0
2,55,93,0
2,55,94,0
2,55,95,0
2,55,96,0
2,55,97,0
2,55,98,0
2,55,99,0
2,55,100,0
2,55,101,0
2,55,102,0
2,55,103,0
2,55,104,0
2,55,105,0
2,55,106,0
2,55,107,0
2,55,108,0
2,55,109,0
2,55,110,0
2,55,111,0
2,55,112,0
2,55,113,0
2,55,114,0
2,55,115,0
2,55,116,0
2,55,117,0
2,55,118,0
2,55,119,0
2,55,120,0
2,55,121,0
2,55,122,0
2,55,123,0
2,55,124,0
2,55,125,0
2,55,126,0
2,55,127,0
2,55,128,0
2,55,129,0
2,55,130,0
2,55,131,0
2,55,132,0
2,55,133,0
2,55,134,0
2,55,135,0
2,55,136,0
2,55,137,0
2,55,138,0
2,55,139,0
2,55,140,0
2,55,141,0
2,55,142,0
2,55,143,0
2,55,144,0
2,55,145,0
2,55,146,0
2,55,147,0
2,55,148,0
2,55,149,0
2,55,150,0
2,55,151,0
2,55,152,0
2,55,153,0
2,55,154,0
2,55,155,0
2,55,156,0
2,55,157,0
2,55,158,0
2,55,159,0
2,55,160,0
2,55,161,0
2,55,162,0
2,55,163,0
2,55,164,0
2,55,165,0
2,55,166,0
2,55,167,0
2,55,168,0
2,55,169,0
2,55,170,0
2,55,171,0
2,55,172,0
2,55,173,0
2,55,174,0
2,55,175,0
2,55,176,0
2,55,177,0
2,55,178,0
2,55,179,0
2,55,180,0
2,55,181,0
2,55,182,0
2,55,183,0
2,55,184,0
2,55,185,0
2,55,186,0
2,55,187,0
2,55,188,0
2,55,189,0
2,55,190,0
2,55,191,0
2,55,192,0
2,55,193,0
2,55,194,0
2,55,195,0
2,55,196,0
2,55,197,0
2,55,198,0
2,55,199,0
2,55,200,0
2,55,201,0
2,55,202,0
2,55,203,0
2,55,204,0
2,55,205,0
2,55,206,0
2,55,207,0
2,55,208,0
2,55,209,0
2,55,210,0
2,55,211,0
2,55,212,0
2,55,213,0
2,55,214,0
2,55,215,0
2,55,216,0
2,55,217,0
2,55,218,0
2,55,219,0
2,55,220,0
2,55,221,0
2,55,222,0
2,55,223,0
2,55,224,0
2,55,225,0
2,55,226,0
2,55,227,0
2,55,228,0
2,55,229,0
2,55,230,0
2,55,231,0
2,55,232,0
2,55,233,0
2,55,234,0
2,55,235,0
2,55,236,0
2,55,237,0
2,55,238,0
2,55,239,0
2,55,240,0
2,55,241,0
2,55,242,0
2,55,243,0
2,55,244,0
2,55,245,0
2,55,246,0
2,55,247,0
2,55,248,0
2,55,249,0
2,55,250,0
2,55,251,0
2,55,252,0
2,55,253,0
2,55,254,0
2,55,255,0
2,55,256,0
2,55,257,0
2,55,258,0
2,55,259,0
2,55,260,0
2,55,261,0
2,55,262,0
2,55,263,0
2,55,264,0
2,55,265,0
2,55,266,0
2,55,267,0
2,55,268,0
2,55,269,0
2,55,270,0
2,55,271,0
2,55,272,0
2,55,273,0
2,55,274,0
2,55,275,0
2,55,276,0
2,55,277,0
2,55,278,0
2,55,279,0
2,55,280,0
2,55,281,0
2,55,282,0
2,55,283,0
2,55,284,0
2,55,285,0
2,55,286,0
2,55,287,0
2,55,288,0
2,55,289,0
2,55,290,0
2,55,291,0
2,55,292,0
2,55,293,0
2,55,294,0
2,55,295,0
2,55,296,0
2,55,297,0
2,55,298,0
2,55,299,0
2,55,300,0
2,55,301,0
2,55,302,0
2,55,303,0
2,55,304,0
2,55,305,0
2,55,306,0
2,55,307,0
2,55,308,0
2,55,309,0
2,55,310,0
2,55,311,0
2,55,312,0
2,55,313,0
2,55,314,0
2,55,315,0
2,55,316,0
2,55,317,0
2,55,318,0
2,55,319,0
2,55,320,0
2,55,321,0
2,55,322,0
2,55,323,0
2,55,324,0
2,55,325,0
2,55,326,0
2,55,327,0
2,55,328,0
2,55,329,0
2,55,330,0
2,55,331,0
2,55,332,0
2,55,333,0
2,55,334,0
2,55,335,0
2,55,336,0
2,55,337,0
2,55,338,0
2,55,339,0
2,55,340,0
2,55,341,0
2,55,342,0
2,55,343,0
2,55,344,0
2,55,345,0
2,55,346,0
2,55,347,0
2,55,348,0
2,55,349,0
2,55,350,0
2,55,351,0
2,55,352,0
2,55,353,0
2,55,354,0
2,55,355,0
2,55,356,0
2,55,357,0
2,55,358,0
2,55,359,0
2,55,360,0
2,55,361,0
2,55,362,0
2,55,363,0
2,55,364,0
2,55,365,0
2,55,366,0
2,55,367,0
2,55,368,0
2,55,369,0
2,55,370,0
2,55,371,0
2,55,372,0
2,55,373,0
2,55,374,0
2,55,375,0
2,55,376,0
2,55,377,0
2,55,378,0
2,55,379,0
2,55,380,0
2,55,381,0
2,55,382,0
2,55,383,0
2,55,384,0
2,55,385,0
2,55,386,0
2,55,387,0
2,55,388,0
2,55,389,0
2,55,390,0
2,55,391,0
2,55,392,0
2,55,393,0
2,55,394,0
2,55,395,0
2,55,396,0
2,55,397,0
2,55,398,0
2,55,399,0
2,55,400,0
2,55,401,0
2,55,402,0
2,55,403,0
2,55,404,0
2,55,405,0
2,55,406,0
2,55,407,0
2,55,408,0
2,55,409,0
2,55,410,0
2,55,411,0
2,55,412,0
2,55,413,0
2,55,414,0
2,55,415,0
2,55,416,0
2,55,417,0
2,55,418,0
2,55,419,0
2,55,420,0
2,55,421,0
2,55,422,0
2,55,423,0
2,55,424,0
2,55,425,0
2,55,426,0
2,55,427,0
2,55,428,0
2,55,429,0
2,55,430,0
2,55,431,0
2,55,432,0
2,55,433,0
2,55,434,0
2,55,435,0
2,55,436,0
2,55,437,0
2,55,438,0
2,55,439,0
2,55,440,0
2,55,441,0
2,55,442,0
2,55,443,0
2,55,444,0
2,55,445,0
2,55,446,0
2,55,447,0
2,55,448,0
2,55,449,0
2,55,450,0
2,55,451,0
2,55,452,0
2,55,453,0
2,55,454,0
2,55,455,0
2,55,456,0
2,55,457,0
2,55,458,0
2,55,459,0
2,55,460,0
2,55,461,0
2,55,462,0
2,55,463,0
2,55,464,0
2,55,465,0
2,55,466,0
2,55,467,0
2,55,468,0
2,55,469,0
2,55,470,0
2,55,471,0
2,55,472,0
2,55,473,0
2,55,474,0
2,55,475,0
2,55,476,0
2,55,477,0
2,55,478,0
2,55,479,0
2,55,480,0
2,55,481,0
2,55,482,0
2,55,483,0
2,55,484,0
2,55,485,0
2,55,486,0
2,55,487,0
2,55,488,0
2,55,489,0
2,55,490,0
2,55,491,0
2,55,492,0
2,55,493,0
2,55,494,0
2,55,495,0
2,55,496,0
2,55,497,0
2,55,498,0
2,55,499,0
2,55,500,0
2,55,501,0
2,55,502,0
2,55,503,0
2,55,504,0
2,55,505,0
2,55,506,0
2,55,507,0
2,55,508,0
2,55,509,0
2,55,510,0
2,55,511,0
2,55,512,0
2,55,513,0
2,55,514,0
2,55,515,0
2,55,516,0
2,55,517,0
2,55,518,0
2,55,519,0
2,55,520,0
2,55,521,0
2,55,522,0
2,55,523,0
2,55,524,0
2,55,525,0
2,55,526,0
2,55,527,0
2,55,528,0
2,55,529,0
2,55,530,0
2,55,531,0
2,55,532,0
2,55,533,0
2,55,534,0
2,55,535,0
2,55,536,0
2,55,537,0
2,55,538,0
2,55,539,0
2,55,540,0
2,55,541,0
2,55,542,0
2,55,543,0
2,55,544,0
2,55,545,0
2,55,546,0
2,55,547,0
2,55,548,0
2,55,549,0
2,55,550,0
2,55,551,0
2,55,552,0
2,55,553,0
2,55,554,0
2,55,555,0
2,55,556,0
2,55,557,0
2,55,558,0
2,55,559,0
2,55,560,0
2,55,561,0
2,55,562,0
2,55,563,0
2,55,564,0
2,55,565,0
2,55,566,0
2,55,567,0
2,55,568,0
2,55,569,0
2,55,570,0
2,55,571,0
2,55,572,0
2,55,573,0
2,55,574,0
2,55,575,0
2,55,576,0
2,55,577,0
2,55,578,0
2,55,579,0
2,55,580,0
2,55,581,0
2,55,582,0
2,55,583,0
2,55,584,0
2,55,585,0
2,55,586,0
2,55,587,0
2,55,588,0
2,55,589,0
2,55,590,0
2,55,591,0
2,55,592,0
2,55,593,0
2,55,594,0
2,55,595,0
2,55,596,0
2,55,597,0
2,55,598,0
2,55,599,0
2,55,600,0
2,55,601,0
2,55,602,0
2,55,603,0
2,55,604,0
2,55,605,0
2,55,606,0
2,55,607,0
2,55,608,0
2,55,609,0
2,55,610,0
2,55,611,0
2,55,612,0
2,55,613,0
2,55,614,0
2,55,615,0
2,55,616,0
2,55,617,0
2,55,618,0
2,55,619,0
2,55,620,0
2,55,621,0
2,55,622,0
2,55,623,0
2,55,624,0
2,55,625,0
2,55,626,0
2,55,627,0
2,55,628,0
2,55,629,0
2,55,630,0
2,55,631,0
2,55,632,0
2,55,633,0
2,55,634,0
2,55,635,0
2,55,636,0
2,55,637,0
2,55,638,0
2,55,639,0
2,55,640,0
2,55,641,0
2,55,642,0
2,55,643,0
2,55,644,0
2,55,645,0
2,55,646,0
2,55,647,0
2,55,648,0
2,55,649,0
2,55,650,0
2,55,651,0
2,55,652,0
2,55,653,0
2,55,654,0
2,55,655,0
2,55,656,0
2,55,657,0
2,55,658,0
2,55,659,0
2,55,660,0
2,55,661,0
2,55,662,0
2,55,663,0
2,55,664,0
2,55,665,0
2,55,666,0
2,55,667,0
2,55,668,0
2,55,669,0
2,55,670,0
2,55,671,0
2,55,672,0
2,55,673,0
2,55,674,0
2,55,675,0
2,55,676,0
2,55,677,0
2,55,678,0
2,55,679,0
2,55,680,0
2,55,681,0
2,55,682,0
2,55,683,0
2,55,684,0
2,55,685,0
2,55,686,0
2,55,687,0
2,55,688,0
2,55,689,0
2,55,690,0
2,55,691,0
2,55,692,0
2,55,693,0
2,55,694,0
2,55,695,0
2,55,696,0
2,55,697,0
2,55,698,0
2,55,699,0
2,55,700,0
2,55,701,0
2,55,702,0
2,55,703,0
2,55,704,0
2,55,705,0
2,55,706,0
2,55,707,0
2,55,708,0
2,55,709,0
2,55,710,0
2,55,711,0
2,55,712,0
2,55,713,0
2,55,714,0
2,55,715,0
2,55,716,0
2,55,717,0
2,55,718,0
2,55,719,0
2,55,720,0
2,55,721,0
2,55,722,0
2,55,723,0
2,55,724,0
2,55,725,0
2,55,726,0
2,55,727,0
2,55,728,0
2,55,729,0
2,55,730,0
2,55,731,0
2,55,732,0
2,55,733,0
2,55,734,0
2,55,735,0
2,55,736,0
2,55,737,0
2,55,738,0
2,55,739,0
2,55,740,0
2,55,741,0
2,55,742,0
2,55,743,0
2,55,744,0
2,55,745,0
2,55,746,0
2,55,747,0
2,55,748,0
2,55,749,0
2,55,750,0
2,55,751,0
2,55,752,0
2,55,753,0
2,55,754,0
2,55,755,0
2,55,756,0
2,55,757,0
2,55,758,0
2,55,759,0
2,55,760,0
2,55,761,0
2,55,762,0
2,55,763,0
2,55,764,0
2,55,765,0
2,55,766,0
2,55,767,0
2,55,768,0
2,55,769,0
2,55,770,0
2,55,771,0
2,55,772,0
2,55,773,0
2,55,774,0
2,55,775,0
2,55,776,0
2,55,777,0
2,55,778,0
2,55,779,0
2,55,780,0
2,55,781,0
2,55,782,0
2,55,783,0
2,55,784,0
2,55,785,0
2,55,786,0
2,55,787,0
2,55,788,0
2,55,789,0
2,55,790,0
2,55,791,0
2,55,792,0
2,55,793,0
2,55,794,0
2,55,795,0
2,55,796,0
2,55,797,0
2,55,798,0
2,55,799,0
2,55,800,0
2,55,801,0
2,55,802,0
2,55,803,0
2,55,804,0
2,55,805,0
2,55,806,0
2,55,807,0
2,55,808,0
2,55,809,0
2,55,810,0
2,55,811,0
2,55,812,0
2,55,813,0
2,55,814,0
2,55,815,0
2,55,816,0
2,55,817,0
2,55,818,0
2,55,819,0
2,55,820,0
2,55,821,0
2,55,822,0
2,55,823,0
2,55,824,0
2,55,825,0
2,55,826,0
2,55,827,0
2,55,828,0
2,55,829,0
2,55,830,0
2,55,831,0
2,55,832,0
2,55,833,0
2,55,834,0
2,55,835,0
2,55,836,0
2,55,837,0
2,55,838,0
2,55,839,0
2,55,840,0
2,55,841,0
2,55,842,0
2,55,843,0
2,55,844,0
2,55,845,0
2,55,846,0
2,55,847,0
2,55,848,0
2,55,849,0
2,55,850,0
2,55,851,0
2,55,852,0
2,55,853,0
2,55,854,0
2,55,855,0
2,55,856,0
2,55,857,0
2,55,858,0
2,55,859,0
2,55,860,0
2,55,861,0
2,55,862,0
2,55,863,0
2,55,864,0
2,55,865,0
2,55,866,0
2,55,867,0
2,55,868,0
2,55,869,0
2,55,870,0
2,55,871,0
2,55,872,0
2,55,873,0
2,55,874,0
2,55,875,0
2,55,876,0
2,55,877,0
2,55,878,0
2,55,879,0
2,55,880,0
2,55,881,0
2,55,882,0
2,55,883,0
2,55,884,0
2,55,885,0
2,55,886,0
2,55,887,0
2,55,888,0
2,55,889,0
2,55,890,0
2,55,891,0
2,55,892,0
2,55,893,0
2,55,894,0
2,55,895,0
2,55,896,0
2,55,897,0
2,55,898,0
2,55,899,0
2,55,900,0
2,55,901,0
2,55,902,0
2,55,903,0
2,55,904,0
2,55,905,0
2,55,906,0
2,55,907,0
2,55,908,0
2,55,909,0
2,55,910,0
2,55,911,0
2,55,912,0
2,55,913,0
2,55,914,0
2,55,915,0
2,55,916,0
2,55,917,0
2,55,918,0
2,55,919,0
2,55,920,0
2,55,921,0
2,55,922,0
2,55,923,0
2,55,924,0
2,55,925,0
2,55,926,0
2,55,927,0
2,55,928,0
2,55,929,0
2,55,930,0
2,55,931,0
2,55,932,0
2,55,933,0
2,55,934,0
2,55,935,0
2,55,936,0
2,55,937,0
2,55,938,0
2,55,939,0
2,55,940,0
2,55,941,0
2,55,942,0
2,55,943,0
2,55,944,0
2,55,945,0
2,55,946,0
2,55,947,0
2,55,948,0
2,55,949,0
2,55,950,0
2,55,951,0
2,55,952,0
2,55,953,0
2,55,954,0
2,55,955,0
2,55,956,0
2,55,957,0
2,55,958,0
2,55,959,0
2,55,960,0
2,55,961,0
2,55,962,0
2,55,963,0
2,55,964,0
2,55,965,0
2,55,966,0
2,55,967,0
2,55,968,0
2,55,969,0
2,55,970,0
2,55,971,0
2,55,972,0
2,55,973,0
2,55,974,0
2,55,975,0
2,55,976,0
2,55,977,0
2,55,978,0
2,55,979,0
2,55,980,0
2,55,981,0
2,55,982,0
2,55,983,0
2,55,984,0
2,55,985,0
2,55,986,0
2,55,987,0
2,55,988,0
2,55,989,0
2,55,990,0
2,55,991,0
2,55,992,0
2,55,993,0
2,55,994,0
2,55,995,0
2,55,996,0
2,55,997,0
2,55,998,0
2,55,999,0
2,55,1000,0
2,55,1001,0
2,55,1002,0
2,55,1003,0
2,55,1004,0
2,55,1005,0
2,55,1006,0
2,55,1007,0
2,55,1008,0
2,55,1009,0
2,55,1010,0
2,55,1011,0
2,55,1012,0
2,55,1013,0
2,55,1014,0
2,55,1015,0
2,55,1016,0
2,55,1017,0
2,55,1018,0
2,55,1019,0
2,55,1020,0
2,55,1021,0
2,55,1022,0
2,55,1023,0
2,55,1024,0
2,55,1025,0
2,55,1026,0
2,55,1027,0
2,55,1028,0
2,55,1029,0
2,55,1030,0
2,55,1031,0
2,55,1032,0
2,55,1033,0
2,55,1034,0
2,55,1035,0
2,55,1036,0
2,55,1037,0
2,55,1038,0
2,55,1039,0
2,55,1040,0
2,55,1041,0
2,55,1042,0
2,55,1043,0
2,55,1044,0
2,55,1045,0
2,55,1046,0
2,55,1047,0
2,55,1048,0
2,55,1049,0
2,55,1050,0
2,55,1051,0
2,55,1052,0
2,55,1053,0
2,55,1054,0
2,55,1055,0
2,55,1056,0
2,55,1057,0
2,55,1058,0
2,55,1059,0
2,55,1060,0
2,55,1061,0
2,55,1062,0
2,55,1063,0
2,55,1064,0
2,55,1065,0
2,55,1066,0
2,55,1067,0
2,55,1068,0
2,55,1069,0
2,55,1070,0
2,55,1071,0
2,55,1072,0
2,55,1073,0
2,55,1074,0
2,55,1075,0
2,55,1076,0
2,55,1077,0
2,55,1078,0
2,55,1079,0
2,55,1080,0
2,55,1081,0
2,55,1082,0
2,55,1083,0
2,55,1084,0
2,55,1085,0
2,55,1086,0
2,55,1087,0
2,55,1088,0
2,55,1089,0
2,55,1090,0
2,55,1091,0
2,55,1092,0
2,55,1093,0
2,55,1094,0
2,55,1095,0
2,55,1096,0
2,55,1097,0
2,55,1098,0
2,55,1099,0
2,55,1100,0
2,55,1101,0
2,55,1102,0
2,55,1103,0
2,55,1104,0
2,55,1105,0
2,55,1106,0
2,55,1107,0
2,55,1108,0
2,55,1109,0
2,55,1110,0
2,55,1111,0
2,55,1112,0
2,55,1113,0
2,55,1114,0
2,55,1115,0
2,55,1116,0
2,55,1117,0
2,55,1118,0
2,55,1119,0
2,55,1120,0
2,55,1121,0
2,55,1122,0
2,55,1123,0
2,55,1124,0
2,55,1125,0
2,55,1126,0
2,55,1127,0
2,55,1128,0
2,55,1129,0
2,55,1130,0
2,55,1131,0
2,55,1132,0
2,55,1133,0
2,55,1134,0
2,55,1135,0
2,55,1136,0
2,55,1137,0
2,55,1138,0
2,55,1139,0
2,55,1140,0
2,55,1141,0
2,55,1142,0
2,55,1143,0
2,55,1144,0
2,55,1145,0
2,55,1146,0
2,55,1147,0
2,55,1148,0
2,55,1149,0
2,55,1150,0
2,55,1151,0
2,55,1152,0
2,55,1153,0
2,55,1154,0
2,55,1155,0
2,55,1156,0
2,55,1157,0
2,55,1158,0
2,55,1159,0
2,55,1160,0
2,55,1161,0
2,55,1162,0
2,55,1163,0
2,55,1164,0
2,55,1165,0
2,55,1166,0
2,55,1167,0
2,55,1168,0
2,55,1169,0
2,55,1170,0
2,55,1171,0
2,55,1172,0
2,55,1173,0
2,55,1174,0
2,55,1175,0
2,55,1176,0
2,55,1177,0
2,55,1178,0
2,55,1179,0
2,55,1180,0
2,55,1181,0
2,55,1182,0
2,55,1183,0
2,55,1184,0
2,55,1185,0
2,55,1186,0
2,55,1187,0
2,55,1188,0
2,55,1189,0
2,55,1190,0
2,55,1191,0
2,55,1192,0
2,55,1193,0
2,55,1194,0
2,55,1195,0
2,55,1196,0
2,55,1197,0
2,55,1198,0
2,55,1199,0
2,55,1200,0
2,55,1201,0
2,55,1202,0
2,55,1203,0
2,55,1204,0
2,55,1205,0
2,55,1206,0
2,55,1207,0
2,55,1208,0
2,55,1209,0
2,55,1210,0
2,55,1211,0
2,55,1212,0
2,55,1213,0
2,55,1214,0
2,55,1215,0
2,55,1216,0
2,55,1217,0
2,55,1218,0
2,55,1219,0
2,55,1220,0
2,55,1221,0
2,55,1222,0
2,55,1223,0
2,55,1224,0
2,55,1225,0
2,55,1226,0
2,55,1227,0
2,55,1228,0
2,55,1229,0
2,55,1230,0
2,55,1231,0
2,55,1232,0
2,55,1233,0
2,55,1234,0
2,55,1235,0
2,55,1236,0
2,55,1237,0
2,55,1238,0
2,55,1239,0
2,55,1240,0
2,55,1241,0
2,55,1242,0
2,55,1243,0
2,55,1244,0
2,55,1245,0
2,55,1246,0
2,55,1247,0
2,55,1248,0
2,55,1249,0
2,55,1250,0
2,55,1251,0
2,55,1252,0
2,55,1253,0
2,55,1254,0
2,55,1255,0
2,55,1256,0
2,55,1257,0
2,55,1258,0
2,55,1259,0
2,55,1260,0
2,55,1261,0
2,55,1262,0
2,55,1263,0
2,55,1264,0
2,55,1265,0
2,55,1266,0
2,55,1267,0
2,55,1268,0
5,55,1269,0
5,55,1270,0
5,55,1271,0
5,55,1272,0
5,55,1273,0
5,55,1274,0
5,55,1275,0
5,55,1276,0
5,55,1277,0
5,55,1278,0
5,55,1279,0
5,55,1280,0
5,55,1281,0
5,55,1282,0
5,55,1283,0
5,55,1284,0
5,55,1285,0
5,55,1286,0
5,55,1287,0
5,55,1288,0
5,55,1289,0
5,55,1290,0
5,55,1291,0
5,55,1292,0
5,55,1293,0
5,55,1294,0
5,55,1295,0
5,55,1296,0
5,55,1297,0
5,55,1298,0
5,55,1299,0
3,60,1,0
3,60,2,0
3,60,3,0
3,60,4,0
3,60,5,0
3,60,6,0
3,60,7,0
3,60,8,0
3,60,9,0
3,60,10,0
3,60,11,0
3,60,12,0
3,60,13,0
3,60,14,0
3,60,15,0
3,60,16,0
3,60,17,0
3,60,18,0
3,60,19,0
3,60,20,0
5,63,1,0
5,63,2,0
5,63,3,0
5,63,4,0
5,63,5,0
5,63,6,0
5,63,7,0
5,63,8,0
5,63,9,0
5,63,10,0
5,63,11,0
5,63,12,0
5,63,13,0
5,63,14,0
5,63,15,0
5,63,16,0
5,63,17,0
5,63,18,0
5,63,19,0
5,63,20,0
5,63,21,0
5,63,22,0
5,63,23,0
5,63,24,0
5,63,25,0
5,63,26,0
5,63,27,0
5,63,28,0
5,63,29,0
5,63,30,0
5,63,31,0
5,63,32,0
5,63,33,0
5,63,34,0
5,63,35,0
5,63,36,0
5,63,37,0
5,63,38,0
5,63,39,0
5,63,40,0
5,63,41,0
5,63,42,0
5,63,43,0
5,63,44,0
5,63,45,0
5,63,46,0
5,63,47,0
5,63,48,0
5,63,49,0
5,63,50,0
5,63,51,0
5,63,52,0
5,63,53,0
5,63,54,0
5,63,55,0
5,63,56,0
5,63,57,0
5,63,58,0
5,63,59,0
5,66,1,0
5,66,2,0
5,66,3,0
5,66,4,0
5,66,5,0
5,66,6,0
5,66,7,0
5,66,8,0
5,66,9,0
5,66,10,0
5,66,11,0
5,66,12,0
5,66,13,0
5,66,14,0
5,66,15,0
5,66,16,0
5,66,17,0
5,66,18,0
5,66,19,0
5,66,20,0
5,66,21,0
5,66,22,0
5,66,23,0
5,66,24,0
5,66,25,0
5,66,26,0
5,66,27,0
5,66,28,0
5,66,29,0
5,66,30,0
5,66,31,0
5,66,32,0
5,66,33,0
5,66,34,0
5,66,35,0
5,66,36,0
5,66,37,0
5,66,38,0
5,66,39,0
5,66,40,0
5,66,41,0
5,66,42,0
5,66,43,0
5,66,44,0
5,66,45,0
5,66,46,0
5,66,47,0
5,66,48,0
5,66,49,0
5,66,50,0
5,66,51,0
5,66,52,0
5,66,53,0
5,66,54,0
5,66,55,0
5,66,56,0
5,66,57,0
5,66,58,0
5,66,59,0
5,66,60,0
5,66,61,0
5,66,62,0
5,66,63,0
5,66,64,0
5,66,65,0
5,66,66,0
5,66,67,0
5,66,68,0
5,66,69,0
2,72,1,0
2,72,2,0
2,72,3,0
2,72,4,0
2,72,5,0
2,72,6,0
2,72,7,0
2,72,8,0
2,72,9,0
2,72,10,0
2,72,11,0
2,72,12,0
2,72,13,0
2,72,14,0
2,72,15,0
2,72,16,0
2,72,17,0
2,72,18,0
2,72,19,0
2,72,20,0
2,72,21,0
2,72,22,0
2,72,23,0
2,72,24,0
2,72,25,0
2,72,26,0
2,72,27,0
2,72,28,0
2,72,29,0
2,72,30,0
2,72,31,0
2,72,32,0
2,72,33,0
2,72,34,0
2,72,35,0
2,72,36,0
2,72,37,0
2,72,38,0
2,72,39,0
2,72,40,0
2,72,41,0
2,72,42,0
2,72,43,0
2,72,44,0
2,72,45,0
2,72,46,0
2,72,47,0
2,72,48,0
2,72,49,0
2,72,50,0
2,72,51,0
2,72,52,0
2,72,53,0
2,72,54,0
2,72,55,0
2,72,56,0
2,72,57,0
2,72,58,0
2,72,59,0
2,72,60,0
2,72,61,0
2,72,62,0
2,72,63,0
2,72,64,0
2,72,65,0
2,72,66,0
2,72,67,0
2,72,68,0
2,72,69,0
2,72,70,0
2,72,71,0
2,72,72,0
2,72,73,0
2,72,74,0
2,72,75,0
2,72,76,0
2,72,77,0
2,72,78,0
2,72,79,0
2,72,80,0
2,72,81,0
2,72,82,0
2,72,83,0
2,72,84,0
2,72,85,0
2,72,86,0
2,72,87,0
2,72,88,0
2,72,89,0
2,72,90,0
2,72,91,0
2,72,92,0
2,72,93,0
2,72,94,0
2,72,95,0
2,72,96,0
2,72,97,0
2,72,98,0
2,72,99,0
2,72,100,0
2,72,101,0
2,72,102,0
2,72,103,0
2,72,104,0
2,72,105,0
2,72,106,0
2,72,107,0
2,72,108,0
2,72,109,0
2,72,110,0
2,72,111,0
2,72,112,0
2,72,113,0
2,72,114,0
2,72,115,0
2,72,116,0
2,72,117,0
2,72,118,0
2,72,119,0
2,72,120,0
2,72,121,0
2,72,122,0
2,72,123,0
2,72,124,0
2,72,125,0
2,72,126,0
2,72,127,0
2,72,128,0
2,72,129,0
2,72,130,0
2,72,131,0
2,72,132,0
2,72,133,0
2,72,134,0
2,72,135,0
2,72,136,0
2,72,137,0
2,72,138,0
2,72,139,0
2,72,140,0
2,72,141,0
2,72,142,0
2,72,143,0
2,72,144,0
2,72,145,0
2,72,146,0
2,72,147,0
2,72,148,0
2,72,149,0
2,72,150,0
2,72,151,0
2,72,152,0
2,72,153,0
2,72,154,0
2,72,155,0
2,72,156,0
2,72,157,0
2,72,158,0
2,72,159,0
2,72,160,0
2,72,161,0
2,72,162,0
2,72,163,0
2,72,164,0
2,72,165,0
2,72,166,0
2,72,167,0
2,72,168,0
2,72,169,0
2,72,170,0
2,72,171,0
2,72,172,0
2,72,173,0
2,72,174,0
2,72,175,0
2,72,176,0
2,72,177,0
2,72,178,0
2,72,179,0
2,72,180,0
2,72,181,0
2,72,182,0
2,72,183,0
2,72,184,0
2,72,185,0
2,72,186,0
2,72,187,0
2,72,188,0
2,72,189,0
2,72,190,0
2,72,191,0
2,72,192,0
2,72,193,0
2,72,194,0
2,72,195,0
2,72,196,0
2,72,197,0
2,72,198,0
2,72,199,0
2,72,200,0
2,72,201,0
2,72,202,0
2,72,203,0
2,72,204,0
2,72,205,0
2,72,206,0
2,72,207,0
2,72,208,0
2,72,209,0
2,72,210,0
2,72,211,0
2,72,212,0
2,72,213,0
2,72,214,0
2,72,215,0
2,72,216,0
2,72,217,0
2,72,218,0
2,72,219,0
2,72,220,0
2,72,221,0
2,72,222,0
2,72,223,0
2,72,224,0
2,72,225,0
2,72,226,0
2,72,227,0
2,72,228,0
2,72,229,0
2,72,230,0
2,72,231,0
2,72,232,0
2,72,233,0
2,72,234,0
2,72,235,0
2,72,236,0
2,72,237,0
2,72,238,0
2,72,239,0
2,72,240,0
2,72,241,0
2,72,242,0
2,72,243,0
2,72,244,0
2,72,245,0
2,72,246,0
2,72,247,0
2,72,248,0
2,72,249,0
2,72,250,0
2,72,251,0
2,72,252,0
2,72,253,0
2,72,254,0
2,72,255,0
2,72,256,0
2,72,257,0
2,72,258,0
2,72,259,0
2,72,260,0
2,72,261,0
2,72,262,0
2,72,263,0
2,72,264,0
2,72,265,0
2,72,266,0
2,72,267,0
2,72,268,0
2,72,269,0
2,72,270,0
2,72,271,0
2,72,272,0
2,72,273,0
2,72,274,0
2,72,275,0
2,72,276,0
2,72,277,0
2,72,278,0
2,72,279,0
2,72,280,0
2,72,281,0
2,72,282,0
2,72,283,0
2,72,284,0
2,72,285,0
2,72,286,0
2,72,287,0
2,72,288,0
2,72,289,0
2,72,290,0
2,72,291,0
2,72,292,0
2,72,293,0
2,72,294,0
2,72,295,0
2,72,296,0
2,72,297,0
2,72,298,0
2,72,299,0
2,72,300,0
2,72,301,0
2,72,302,0
2,72,303,0
2,72,304,0
2,72,305,0
2,72,306,0
2,72,307,0
2,72,308,0
2,72,309,0
2,72,310,0
2,72,311,0
2,72,312,0
2,72,313,0
2,72,314,0
2,72,315,0
2,72,316,0
2,72,317,0
2,72,318,0
2,72,319,0
2,72,320,0
2,72,321,0
2,72,322,0
2,72,323,0
2,72,324,0
2,72,325,0
2,72,326,0
2,72,327,0
2,72,328,0
2,72,329,0
2,72,330,0
2,72,331,0
2,72,332,0
2,72,333,0
2,72,334,0
2,72,335,0
2,72,336,0
2,72,337,0
2,72,338,0
2,72,339,0
2,72,340,0
2,72,341,0
2,72,342,0
2,72,343,0
2,72,344,0
2,72,345,0
2,72,346,0
2,72,347,0
2,72,348,0
2,72,349,0
2,72,350,0
2,72,351,0
2,72,352,0
2,72,353,0
2,72,354,0
2,72,355,0
2,72,356,0
2,72,357,0
2,72,358,0
2,72,359,0
2,72,360,0
2,72,361,0
2,72,362,0
2,72,363,0
2,72,364,0
2,72,365,0
2,72,366,0
2,72,367,0
2,72,368,0
2,72,369,0
2,72,370,0
2,72,371,0
2,72,372,0
2,72,373,0
2,72,374,0
2,72,375,0
2,72,376,0
2,72,377,0
2,72,378,0
2,72,379,0
2,72,380,0
2,72,381,0
2,72,382,0
2,72,383,0
2,72,384,0
2,72,385,0
2,72,386,0
2,72,387,0
2,72,388,0
2,72,389,0
2,72,390,0
2,72,391,0
2,72,392,0
2,72,393,0
2,72,394,0
2,72,395,0
2,72,396,0
2,72,397,0
2,72,398,0
2,72,399,0
2,72,400,0
2,72,401,0
2,72,402,0
2,72,403,0
2,72,404,0
2,72,405,0
2,72,406,0
2,72,407,0
2,72,408,0
2,72,409,0
2,72,410,0
2,72,411,0
2,72,412,0
2,72,413,0
2,72,414,0
2,72,415,0
2,72,416,0
2,72,417,0
2,72,418,0
2,72,419,0
2,72,420,0
2,72,421,0
2,72,422,0
2,72,423,0
2,72,424,0
2,72,425,0
2,72,426,0
2,72,427,0
2,72,428,0
2,72,429,0
2,72,430,0
2,72,431,0
2,72,432,0
2,72,433,0
2,72,434,0
2,72,435,0
2,72,436,0
2,72,437,0
2,72,438,0
2,72,439,0
2,72,440,0
2,72,441,0
2,72,442,0
2,72,443,0
2,72,444,0
2,72,445,0
2,72,446,0
2,72,447,0
2,72,448,0
2,72,449,0
2,72,450,0
2,72,451,0
2,72,452,0
2,72,453,0
2,72,454,0
2,72,455,0
2,72,456,0
2,72,457,0
2,72,458,0
2,72,459,0
2,72,460,0
2,72,461,0
2,72,462,0
2,72,463,0
2,72,464,0
2,72,465,0
2,72,466,0
2,72,467,0
2,72,468,0
2,72,469,0
2,72,470,0
2,72,471,0
2,72,472,0
2,72,473,0
2,72,474,0
2,72,475,0
2,72,476,0
2,72,477,0
2,72,478,0
2,72,479,0
2,72,480,0
2,72,481,0
2,72,482,0
2,72,483,0
2,72,484,0
2,72,485,0
2,72,486,0
2,72,487,0
2,72,488,0
2,72,489,0
2,72,490,0
2,72,491,0
2,72,492,0
2,72,493,0
2,72,494,0
2,72,495,0
2,72,496,0
2,72,497,0
2,72,498,0
2,72,499,0
2,72,500,0
2,72,501,0
2,72,502,0
2,72,503,0
2,72,504,0
2,72,505,0
2,72,506,0
2,72,507,0
2,72,508,0
2,72,509,0
2,72,510,0
2,72,511,0
2,72,512,0
2,72,513,0
2,72,514,0
2,72,515,0
2,72,516,0
2,72,517,0
2,72,518,0
2,72,519,0
2,72,520,0
2,72,521,0
2,72,522,0
2,72,523,0
2,72,524,0
2,72,525,0
2,72,526,0
2,72,527,0
2,72,528,0
2,72,529,0
2,72,530,0
2,72,531,0
2,72,532,0
2,72,533,0
2,72,534,0
2,72,535,0
2,72,536,0
2,72,537,0
2,72,538,0
2,72,539,0
2,72,540,0
2,72,541,0
2,72,542,0
2,72,543,0
2,72,544,0
2,72,545,0
2,72,546,0
2,72,547,0
2,72,548,0
2,72,549,0
2,72,550,0
2,72,551,0
2,72,552,0
2,72,553,0
2,72,554,0
2,72,555,0
2,72,556,0
2,72,557,0
2,72,558,0
2,72,559,0
2,72,560,0
2,72,561,0
2,72,562,0
2,72,563,0
2,72,564,0
2,72,565,0
2,72,566,0
2,72,567,0
2,72,568,0
2,72,569,0
2,72,570,0
2,72,571,0
2,72,572,0
2,72,573,0
2,72,574,0
2,72,575,0
2,72,576,0
2,72,577,0
2,72,578,0
2,72,579,0
2,72,580,0
2,72,581,0
2,72,582,0
2,72,583,0
2,72,584,0
2,72,585,0
2,72,586,0
2,72,587,0
2,72,588,0
2,72,589,0
2,72,590,0
2,72,591,0
2,72,592,0
2,72,593,0
2,72,594,0
2,72,595,0
5,72,596,0
5,72,597,0
5,72,598,0
5,72,599,0
5,72,600,0
5,72,601,0
5,72,602,0
5,72,603,0
5,72,604,0
5,72,605,0
5,72,606,0
5,72,607,0
5,72,608,0
5,72,609,0
5,72,610,0
5,72,611,0
5,72,612,0
5,72,613,0
5,72,614,0
5,72,615,0
5,72,616,0
5,72,617,0
5,72,618,0
5,72,619,0
5,72,620,0
5,72,621,0
5,72,622,0
5,72,623,0
5,72,624,0
5,72,625,0
5,72,626,0
5,72,627,0
5,72,628,0
5,72,629,0
5,72,630,0
5,72,631,0
5,72,632,0
5,72,633,0
5,72,634,0
5,72,635,0
5,72,636,0
5,72,637,0
5,72,638,0
5,72,639,0
5,72,640,0
5,72,641,0
5,72,642,0
5,72,643,0
5,72,644,0
5,72,645,0
5,72,646,0
5,72,647,0
5,72,648,0
5,72,649,0
5,72,650,0
5,72,651,0
5,72,652,0
5,72,653,0
5,72,654,0
5,72,655,0
5,72,656,0
5,72,657,0
5,72,658,0
5,72,659,0
5,72,660,0
5,72,661,0
5,72,662,0
5,72,663,0
5,77,1,0
5,77,2,0
5,77,3,0
5,77,4,0
5,77,5,0
5,77,6,0
5,77,7,0
5,77,8,0
5,77,9,0
5,77,10,0
5,77,11,0
5,77,12,0
5,77,13,0
5,77,14,0
5,77,15,0
5,77,16,0
5,77,17,0
5,77,18,0
5,77,19,0
5,77,20,0
5,77,21,0
5,77,22,0
5,77,23,0
5,77,24,0
5,77,25,0
5,77,26,0
5,77,27,0
5,77,28,0
5,77,29,0
5,77,30,0
5,77,31,0
5,77,32,0
5,77,33,0
5,77,34,0
5,77,35,0
5,77,36,0
5,77,37,0
5,77,38,0
5,77,39,0
5,77,40,0
5,77,41,0
5,77,42,0
5,77,43,0
5,77,44,0
5,77,45,0
5,77,46,0
5,77,47,0
5,77,48,0
5,77,49,0
5,77,50,0
5,77,51,0
5,77,52,0
5,77,53,0
5,77,54,0
5,77,55,0
5,77,56,0
5,77,57,0
5,77,58,0
5,77,59,0
5,77,60,0
5,77,61,0
5,77,62,0
5,77,63,0
5,77,64,0
5,77,65,0
5,77,66,0
5,77,67,0
5,77,68,0
5,77,69,0
5,77,70,0
5,77,71,0
5,80,1,0
5,80,2,0
5,80,3,0
5,80,4,0
5,80,5,0
5,80,6,0
5,80,7,0
5,80,8,0
5,80,9,0
5,80,10,0
5,80,11,0
5,80,12,0
5,80,13,0
5,80,14,0
5,80,15,0
5,80,16,0
5,80,17,0
5,80,18,0
5,80,19,0
5,80,20,0
5,80,21,0
5,80,22,0
5,80,23,0
5,80,24,0
5,80,25,0
5,80,26,0
5,80,27,0
5,80,28,0
5,80,29,0
5,80,30,0
5,80,31,0
5,80,32,0
5,80,33,0
5,80,34,0
5,80,35,0
5,80,36,0
5,80,37,0
5,80,38,0
5,80,39,0
5,80,40,0
5,80,41,0
5,80,42,0
5,80,43,0
5,80,44,0
5,80,45,0
5,80,46,0
5,80,47,0
5,80,48,0
5,80,49,0
5,80,50,0
5,80,51,0
5,80,52,0
5,80,53,0
5,80,54,0
5,80,55,0
5,80,56,0
5,80,57,0
5,80,58,0
5,80,59,0
5,80,60,0
5,80,61,0
5,80,62,0
5,80,63,0
5,80,64,0
5,80,65,0
5,80,66,0
5,80,67,0
5,80,68,0
1,83,1,0
1,83,2,0
1,83,3,0
1,83,4,0
1,83,5,0
1,83,6,0
1,83,7,0
1,83,8,0
1,83,9,0
1,83,10,0
1,83,11,0
1,83,12,0
1,83,13,0
1,83,14,0
1,83,15,0
1,83,16,0
1,83,17,0
1,83,18,0
1,83,19,0
1,83,20,0
1,83,21,0
1,83,22,0
1,83,23,0
1,83,24,0
1,83,25,0
1,83,26,0
1,83,27,0
1,83,28,0
1,83,29,0
1,83,30,0
1,83,31,0
1,83,32,0
1,83,33,0
1,83,34,0
1,83,35,0
1,83,36,0
1,83,37,0
1,83,38,0
1,83,39,0
1,83,40,0
1,83,41,0
1,83,42,0
1,83,43,0
1,83,44,0
1,83,45,0
1,83,46,0
1,83,47,0
1,83,48,0
1,83,49,0
1,83,50,0
1,83,51,0
1,83,52,0
1,83,53,0
1,83,54,0
1,83,55,0
1,83,56,0
1,83,57,0
1,83,58,0
1,83,59,0
1,83,60,0
1,83,61,0
1,83,62,0
1,83,63,0
1,83,64,0
1,83,65,0
1,83,66,0
1,83,67,0
2,83,68,0
2,83,69,0
2,83,70,0
2,83,71,0
2,83,72,0
2,83,73,0
2,83,74,0
2,83,75,0
2,83,76,0
2,83,77,0
2,83,78,0
2,83,79,0
2,83,80,0
2,83,81,0
2,83,82,0
2,83,83,0
2,83,84,0
2,83,85,0
2,83,86,0
2,83,87,0
2,83,88,0
2,83,89,0
2,83,90,0
2,83,91,0
2,83,92,0
2,83,93,0
2,83,94,0
2,83,95,0
2,83,96,0
2,83,97,0
2,83,98,0
2,83,99,0
2,83,100,0
2,83,101,0
2,83,102,0
2,83,103,0
2,83,104,0
2,83,105,0
2,83,106,0
2,83,107,0
2,83,108,0
2,83,109,0
2,83,110,0
2,83,111,0
2,83,112,0
2,83,113,0
2,83,114,0
2,83,115,0
2,83,116,0
2,83,117,0
2,83,118,0
2,83,119,0
2,83,120,0
2,83,121,0
2,83,122,0
2,83,123,0
2,83,124,0
2,83,125,0
2,83,126,0
2,83,127,0
2,83,128,0
2,83,129,0
2,83,130,0
2,83,131,0
2,83,132,0
2,83,133,0
2,83,134,0
2,83,135,0
2,83,136,0
2,83,137,0
2,83,138,0
2,83,139,0
2,83,140,0
2,83,141,0
2,83,142,0
2,83,143,0
2,83,144,0
2,83,145,0
2,83,146,0
2,83,147,0
2,83,148,0
2,83,149,0
2,83,150,0
2,83,151,0
2,83,152,0
5,88,1,0
5,88,2,0
5,88,3,0
5,88,4,0
5,88,5,0
5,88,6,0
5,88,7,0
5,88,8,0
5,88,9,0
5,88,10,0
5,88,11,0
5,88,12,0
5,88,13,0
5,88,14,0
5,88,15,0
5,88,16,0
5,88,17,0
5,88,18,0
5,88,19,0
5,88,20,0
5,88,21,0
5,88,22,0
5,88,23,0
5,88,24,0
5,88,25,0
5,88,26,0
5,88,27,0
5,88,28,0
5,88,29,0
5,88,30,0
5,88,31,0
5,88,32,0
5,88,33,0
5,88,34,0
5,88,35,0
5,88,36,0
5,88,37,0
5,88,38,0
5,88,39,0
5,88,40,0
5,88,41,0
5,88,42,0
5,88,43,0
5,88,44,0
5,88,45,0
5,88,46,0
5,88,47,0
5,88,48,0
5,88,49,0
5,88,50,0
5,88,51,0
5,88,52,0
5,88,53,0
5,88,54,0
5,88,55,0
5,88,56,0
5,88,57,0
5,88,58,0
5,88,59,0
5,88,60,0
5,88,61,0
5,88,62,0
5,88,63,0
5,88,64,0
5,88,65,0
5,88,66,0
5,88,67,0
5,88,68,0
5,88,69,0
5,88,70,0
5,88,71,0
5,88,72,0
5,88,73,0
5,88,74,0
5,88,75,0
5,88,76,0
5,88,77,0
5,88,78,0
5,88,79,0
5,88,80,0
5,88,81,0
5,88,82,0
5,88,83,0
5,88,84,0
5,88,85,0
5,88,86,0
5,88,87,0
5,88,88,0
5,88,89,0
5,88,90,0
5,88,91,0
5,88,92,0
5,88,93,0
5,88,94,0
5,88,95,0
5,88,96,0
5,88,97,0
5,88,98,0
5,88,99,0
5,88,100,0
5,88,101,0
5,88,102,0
5,88,103,0
5,88,104,0
5,88,105,0
5,88,106,0
5,88,107,0
5,88,108,0
5,88,109,0
5,88,110,0
5,88,111,0
5,88,112,0
5,88,113,0
5,88,114,0
5,88,115,0
5,88,116,0
5,88,117,0
5,88,118,0
5,88,119,0
5,88,120,0
5,88,121,0
5,88,122,0
5,88,123,0
5,88,124,0
5,88,125,0
5,88,126,0
5,88,127,0
5,88,128,0
5,88,129,0
5,88,130,0
3,93,1,0
3,93,2,0
3,93,3,0
3,93,4,0
3,93,5,0
3,93,6,0
3,93,7,0
3,93,8,0
3,93,9,0
3,93,10,0
3,93,11,0
3,93,12,0
3,93,13,0
3,93,14,0
3,93,15,0
3,93,16,0
3,93,17,0
3,93,18,0
3,93,19,0
3,93,20,0
3,93,21,0
3,93,22,0
3,93,23,0
3,93,24,0
3,93,25,0
3,93,26,0
3,93,27,0
3,93,28,0
3,93,29,0
3,93,30,0
3,93,31,0
3,93,32,0
3,93,33,0
3,93,34,0
3,93,35,0
3,93,36,0
3,93,37,0
3,93,38,0
3,93,39,0
3,93,40,0
3,93,41,0
3,93,42,0
3,93,43,0
3,93,44,0
3,93,45,0
3,93,46,0
3,93,47,0
3,93,48,0
3,93,49,0
3,93,50,0
3,93,51,0
3,93,52,0
3,93,53,0
3,93,54,0
3,93,55,0
3,93,56,0
3,93,57,0
3,93,58,0
3,93,59,0
3,93,60,0
3,93,61,0
3,93,62,0
3,93,63,0
3,93,64,0
3,93,65,0
3,93,66,0
3,93,67,0
3,93,68,0
3,93,69,0
3,93,70,0
3,93,71,0
3,93,72,0
3,93,73,0
3,93,74,0
3,93,75,0
3,93,76,0
3,93,77,0
3,93,78,0
3,93,79,0
3,93,80,0
3,93,81,0
3,93,82,0
3,93,83,0
3,94,1,0
3,94,2,0
3,94,3,0
3,94,4,0
3,94,5,0
3,94,6,0
3,94,7,0
3,94,8,0
3,94,9,0
3,94,10,0
3,94,11,0
3,94,12,0
3,94,13,0
3,94,14,0
3,94,15,0
3,94,16,0
3,94,17,0
3,94,18,0
3,94,19,0
3,94,20,0
3,94,21,0
3,94,22,0
3,94,23,0
3,111,1,0
3,111,2,0
3,111,3,0
3,111,4,0
3,111,5,0
3,111,6,0
3,111,7,0
3,111,8,0
3,111,9,0
3,111,10,0
3,111,11,0
3,111,12,0
3,111,13,0
3,111,14,0
3,111,15,0
3,111,16,0
3,111,17,0
3,111,18,0
3,111,19,0
3,111,20,0
3,111,21,0
3,111,22,0
3,111,23,0
3,111,24,0
3,111,25,0
3,111,26,0
3,111,27,0
3,111,28,0
3,111,29,0
3,111,30,0
3,111,31,0
3,111,32,0
3,111,33,0
3,111,34,0
3,111,35,0
3,111,36,0
3,111,37,0
3,111,38,0
3,111,39,0
3,111,40,0
3,111,41,0
3,111,42,0
3,111,43,0
3,111,44,0
3,111,45,0
3,111,46,0
3,111,47,0
3,111,48,0
3,111,49,0
3,111,50,0
3,111,51,0
3,111,52,0
3,111,53,0
3,111,54,0
3,111,55,0
3,111,56,0
3,111,57,0
3,111,58,0
3,111,59,0
3,111,60,0
3,111,61,0
3,111,62,0
3,111,63,0
3,111,64,0
3,111,65,0
3,111,66,0
3,111,67,0
3,111,68,0
3,111,69,0
3,111,70,0
3,111,71,0
3,111,72,0
3,111,73,0
3,111,74,0
3,111,75,0
3,111,76,0
3,111,77,0
3,111,78,0
3,111,79,0
3,111,80,0
3,111,81,0
3,111,82,0
3,111,83,0
3,111,84,0
3,111,85,0
3,111,86,0
3,111,87,0
3,111,88,0
3,111,89,0
3,111,90,0
3,111,91,0
3,111,92,0
3,111,93,0
3,111,94,0
3,111,95,0
3,111,96,0
3,111,97,0
3,111,98,0
3,111,99,0
3,111,100,0
3,111,101,0
3,111,102,0
3,111,103,0
3,111,104,0
3,111,105,0
3,111,106,0
3,111,107,0
3,111,108,0
3,111,109,0
3,111,110,0
3,111,111,0
3,111,112,0
3,111,113,0
3,111,114,0
3,111,115,0
3,111,116,0
3,111,117,0
3,111,118,0
3,111,119,0
3,111,120,0
3,111,121,0
3,111,122,0
3,111,123,0
3,111,124,0
3,111,125,0
3,111,126,0
3,111,127,0
3,111,128,0
3,111,129,0
3,111,130,0
3,111,131,0
3,111,132,0
3,111,133,0
3,111,134,0
3,111,135,0
3,111,136,0
3,111,137,0
3,111,138,0
3,111,139,0
3,111,140,0
3,111,141,0
3,111,142,0
3,111,143,0
3,111,144,0
3,111,145,0
3,111,146,0
3,111,147,0
3,111,148,0
3,111,149,0
3,111,150,0
3,111,151,0
3,111,152,0
3,111,153,0
3,111,154,0
3,111,155,0
3,111,156,0
3,111,157,0
3,111,158,0
3,111,159,0
3,111,160,0
3,111,161,0
3,111,162,0
3,111,163,0
3,111,164,0
3,111,165,0
3,111,166,0
3,111,167,0
3,111,168,0
3,111,169,0
3,111,170,0
3,111,171,0
3,111,172,0
3,111,173,0
3,111,174,0
3,111,175,0
3,111,176,0
3,111,177,0
3,111,178,0
3,111,179,0
3,111,180,0
3,111,181,0
3,111,182,0
3,111,183,0
3,111,184,0
3,111,185,0
3,111,186,0
3,111,187,0
3,111,188,0
3,111,189,0
3,111,190,0
3,111,191,0
3,111,192,0
3,111,193,0
3,111,194,0
3,111,195,0
3,111,196,0
3,111,197,0
3,111,198,0
3,111,199,0
3,111,200,0
3,111,201,0
3,111,202,0
3,111,203,0
3,111,204,0
3,111,205,0
3,111,206,0
3,111,207,0
3,111,208,0
3,111,209,0
3,111,210,0
3,111,211,0
3,111,212,0
3,111,213,0
3,111,214,0
3,111,215,0
3,111,216,0
3,111,217,0
3,111,218,0
3,111,219,0
3,111,220,0
3,111,221,0
3,111,222,0
3,111,223,0
3,111,224,0
3,111,225,0
3,111,226,0
3,111,227,0
3,111,228,0
3,111,229,0
3,111,230,0
3,111,231,0
3,111,232,0
3,111,233,0
3,111,234,0
3,111,235,0
3,111,236,0
3,111,237,0
3,111,238,0
3,111,239,0
3,111,240,0
3,111,241,0
3,111,242,0
3,111,243,0
3,111,244,0
3,111,245,0
3,111,246,0
3,111,247,0
3,111,248,0
3,111,249,0
3,111,250,0
3,111,251,0
3,111,252,0
3,111,253,0
3,111,254,0
3,111,255,0
3,111,256,0
3,111,257,0
3,111,258,0
3,111,259,0
3,111,260,0
3,111,261,0
3,111,262,0
3,111,263,0
3,111,264,0
3,111,265,0
3,111,266,0
3,111,267,0
3,111,268,0
3,111,269,0
3,111,270,0
3,111,271,0
3,111,272,0
3,111,273,0
3,111,274,0
3,111,275,0
3,111,276,0
3,111,277,0
3,111,278,0
3,111,279,0
3,111,280,0
3,111,281,0
3,111,282,0
3,111,283,0
3,111,284,0
3,111,285,0
3,111,286,0
3,111,287,0
3,111,288,0
3,111,289,0
3,111,290,0
3,111,291,0
3,111,292,0
3,111,293,0
3,111,294,0
3,111,295,0
3,111,296,0
3,111,297,0
3,111,298,0
3,111,299,0
3,111,300,0
3,111,301,0
3,111,302,0
3,111,303,0
3,111,304,0
3,111,305,0
3,111,306,0
3,111,307,0
3,111,308,0
3,111,309,0
3,111,310,0
3,111,311,0
3,111,312,0
3,111,313,0
3,111,314,0
3,111,315,0
3,111,316,0
3,111,317,0
3,111,318,0
3,111,319,0
3,111,320,0
3,111,321,0
3,111,322,0
3,111,323,0
3,111,324,0
3,111,325,0
3,111,326,0
3,111,327,0
3,111,328,0
3,111,329,0
3,111,330,0
3,111,331,0
3,111,332,0
3,111,333,0
3,111,334,0
3,111,335,0
3,111,336,0
3,111,337,0
3,111,338,0
3,111,339,0
3,111,340,0
3,111,341,0
3,111,342,0
3,111,343,0
3,111,344,0
3,111,345,0
3,111,346,0
3,111,347,0
3,111,348,0
3,111,349,0
3,111,350,0
3,111,351,0
3,111,352,0
3,111,353,0
3,111,354,0
3,111,355,0
3,111,356,0
3,111,357,0
3,111,358,0
3,111,359,0
3,111,360,0
3,111,361,0
3,111,362,0
3,111,363,0
3,111,364,0
3,111,365,0
3,111,366,0
3,111,367,0
3,111,368,0
3,111,369,0
3,111,370,0
3,111,371,0
3,111,372,0
3,111,373,0
3,111,374,0
3,111,375,0
3,111,376,0
3,111,377,0
3,111,378,0
3,111,379,0
3,111,380,0
3,111,381,0
3,111,382,0
3,111,383,0
3,111,384,0
3,111,385,0
3,111,386,0
3,111,387,0
3,111,388,0
3,111,389,0
3,111,390,0
3,111,391,0
3,111,392,0
3,111,393,0
3,111,394,0
3,111,395,0
3,111,396,0
3,111,397,0
3,111,398,0
3,111,399,0
3,111,400,0
3,111,401,0
3,111,402,0
3,111,403,0
3,111,404,0
3,111,405,0
3,111,406,0
3,111,407,0
3,111,408,0
3,111,409,0
3,111,410,0
3,111,411,0
3,111,412,0
3,111,413,0
3,111,414,0
3,111,415,0
3,111,416,0
3,111,417,0
3,111,418,0
3,111,419,0
3,111,420,0
3,111,421,0
3,111,422,0
3,111,423,0
3,111,424,0
3,111,425,0
3,111,426,0
3,111,427,0
3,111,428,0
3,111,429,0
3,111,430,0
3,111,431,0
3,111,432,0
3,111,433,0
3,111,434,0
3,111,435,0
3,111,436,0
3,111,437,0
3,111,438,0
3,111,439,0
3,111,440,0
3,111,441,0
3,111,442,0
3,111,443,0
3,111,444,0
3,111,445,0
3,111,446,0
3,111,447,0
3,111,448,0
3,111,449,0
3,111,450,0
3,111,451,0
3,111,452,0
3,111,453,0
3,111,454,0
3,111,455,0
3,111,456,0
3,111,457,0
3,111,458,0
3,111,459,0
3,111,460,0
3,111,461,0
3,111,462,0
3,111,463,0
3,111,464,0
3,111,465,0
3,111,466,0
3,111,467,0
3,111,468,0
3,111,469,0
3,111,470,0
3,111,471,0
3,111,472,0
3,111,473,0
3,111,474,0
3,111,475,0
3,111,476,0
3,111,477,0
3,111,478,0
3,111,479,0
3,111,480,0
3,111,481,0
3,111,482,0
3,111,483,0
3,111,484,0
3,111,485,0
3,111,486,0
3,111,487,0
3,111,488,0
3,111,489,0
3,111,490,0
3,111,491,0
3,111,492,0
3,111,493,0
3,111,494,0
3,111,495,0
3,111,496,0
3,111,497,0
3,111,498,0
3,111,499,0
3,111,500,0
3,111,501,0
3,111,502,0
3,111,503,0
3,111,504,0
3,111,505,0
3,111,506,0
3,111,507,0
3,111,508,0
3,111,509,0
3,111,510,0
3,111,511,0
3,111,512,0
3,111,513,0
3,111,514,0
3,111,515,0
3,111,516,0
3,111,517,0
3,111,518,0
3,111,519,0
3,111,520,0
3,111,521,0
3,111,522,0
3,111,523,0
3,111,524,0
3,111,525,0
3,111,526,0
3,111,527,0
3,111,528,0
3,111,529,0
3,111,530,0
3,111,531,0
3,111,532,0
3,111,533,0
3,111,534,0
3,111,535,0
3,111,536,0
3,111,537,0
3,111,538,0
3,111,539,0
3,111,540,0
3,111,541,0
3,111,542,0
3,111,543,0
3,111,544,0
3,111,545,0
3,111,546,0
3,111,547,0
3,111,548,0
3,111,549,0
3,111,550,0
3,111,551,0
3,111,552,0
3,111,553,0
3,111,554,0
3,111,555,0
3,111,556,0
3,111,557,0
3,111,558,0
3,111,559,0
3,111,560,0
3,111,561,0
3,111,562,0
3,111,563,0
3,111,564,0
3,111,565,0
3,111,566,0
3,111,567,0
3,111,568,0
3,111,569,0
3,111,570,0
3,111,571,0
3,111,572,0
3,111,573,0
3,111,574,0
3,111,575,0
3,111,576,0
3,111,577,0
3,111,578,0
3,111,579,0
3,111,580,0
3,111,581,0
3,111,582,0
3,111,583,0
3,111,584,0
3,111,585,0
3,111,586,0
3,111,587,0
3,111,588,0
3,111,589,0
3,111,590,0
3,111,591,0
3,111,592,0
3,111,593,0
3,111,594,0
3,111,595,0
3,111,596,0
3,111,597,0
3,111,598,0
3,111,599,0
3,111,600,0
3,111,601,0
3,111,602,0
3,111,603,0
3,111,604,0
3,111,605,0
3,111,606,0
3,111,607,0
3,111,608,0
3,111,609,0
3,111,610,0
3,111,611,0
3,111,612,0
3,111,613,0
3,111,614,0
3,111,615,0
3,111,616,0
3,111,617,0
3,111,618,0
3,111,619,0
3,111,620,0
3,111,621,0
3,111,622,0
3,111,623,0
3,111,624,0
3,111,625,0
3,111,626,0
3,111,627,0
3,111,628,0
3,111,629,0
3,111,630,0
3,111,631,0
3,111,632,0
3,111,633,0
3,111,634,0
3,111,635,0
3,111,636,0
3,111,637,0
3,111,638,0
3,111,639,0
3,111,640,0
3,111,641,0
3,111,642,0
3,111,643,0
3,111,644,0
3,111,645,0
3,111,646,0
3,111,647,0
3,111,648,0
3,111,649,0
3,111,650,0
3,111,651,0
3,111,652,0
3,111,653,0
3,111,654,0
3,111,655,0
3,111,656,0
3,111,657,0
3,111,658,0
3,111,659,0
3,111,660,0
3,111,661,0
3,111,662,0
3,111,663,0
3,111,664,0
3,111,665,0
3,111,666,0
3,111,667,0
3,111,668,0
3,111,669,0
3,111,670,0
3,111,671,0
3,111,672,0
3,111,673,0
3,111,674,0
3,111,675,0
3,111,676,0
3,111,677,0
3,111,678,0
3,111,679,0
3,111,680,0
3,111,681,0
3,111,682,0
3,111,683,0
3,111,684,0
3,111,685,0
3,111,686,0
3,111,687,0
3,111,688,0
3,111,689,0
3,111,690,0
3,111,691,0
3,111,692,0
3,111,693,0
3,111,694,0
3,111,695,0
3,111,696,0
3,111,697,0
3,111,698,0
3,111,699,0
3,111,700,0
3,111,701,0
3,111,702,0
3,111,703,0
3,111,704,0
3,111,705,0
3,111,706,0
3,111,707,0
3,111,708,0
3,111,709,0
3,111,710,0
3,111,711,0
3,111,712,0
3,111,713,0
3,111,714,0
3,111,715,0
3,111,716,0
3,111,717,0
3,111,718,0
3,111,719,0
3,111,720,0
3,111,721,0
3,111,722,0
3,111,723,0
3,111,724,0
3,111,725,0
3,111,726,0
3,111,727,0
3,111,728,0
3,111,729,0
3,111,730,0
3,111,731,0
3,111,732,0
3,111,733,0
3,111,734,0
3,111,735,0
3,111,736,0
3,111,737,0
3,111,738,0
3,111,739,0
3,111,740,0
3,111,741,0
3,111,742,0
3,111,743,0
3,111,744,0
3,111,745,0
3,111,746,0
3,111,747,0
3,111,748,0
3,111,749,0
3,111,750,0
3,111,751,0
3,111,752,0
3,111,753,0
3,111,754,0
3,111,755,0
3,111,756,0
3,111,757,0
3,111,758,0
3,111,759,0
3,111,760,0
3,111,761,0
3,111,762,0
3,111,763,0
3,111,764,0
3,111,765,0
3,111,766,0
3,111,767,0
3,111,768,0
3,111,769,0
3,111,770,0
3,111,771,0
3,111,772,0
3,111,773,0
3,111,774,0
3,111,775,0
3,111,776,0
3,111,777,0
3,111,778,0
3,111,779,0
3,111,780,0
3,111,781,0
3,111,782,0
3,111,783,0
3,111,784,0
3,111,785,0
3,111,786,0
3,111,787,0
3,111,788,0
3,111,789,0
3,111,790,0
3,111,791,0
3,111,792,0
3,111,793,0
3,111,794,0
3,111,795,0
3,111,796,0
3,111,797,0
3,111,798,0
3,111,799,0
3,111,800,0
3,111,801,0
3,111,802,0
3,111,803,0
3,111,804,0
3,111,805,0
3,111,806,0
3,111,807,0
3,111,808,0
3,111,809,0
3,111,810,0
3,111,811,0
3,111,812,0
3,111,813,0
3,111,814,0
3,111,815,0
3,111,816,0
3,111,817,0
3,111,818,0
3,111,819,0
3,111,820,0
3,111,821,0
3,111,822,0
3,111,823,0
3,111,824,0
3,111,825,0
3,111,826,0
3,111,827,0
3,111,828,0
3,111,829,0
3,111,830,0
3,111,831,0
3,111,832,0
3,111,833,0
3,111,834,0
3,111,835,0
3,111,836,0
3,111,837,0
3,111,838,0
3,111,839,0
3,111,840,0
3,111,841,0
3,111,842,0
3,111,843,0
3,111,844,0
3,111,845,0
3,111,846,0
3,111,847,0
3,111,848,0
3,111,849,0
3,111,850,0
3,111,851,0
3,111,852,0
3,111,853,0
3,111,854,0
3,111,855,0
2,156,1,0
2,156,2,0
2,156,3,0
2,156,4,0
2,156,5,0
2,156,6,0
2,156,7,0
2,156,8,0
2,156,9,0
2,156,10,0
2,156,11,0
2,156,12,0
2,156,13,0
2,156,14,0
2,156,15,0
2,156,16,0
2,156,17,0
2,156,18,0
2,156,19,0
2,156,20,0
2,156,21,0
2,156,22,0
2,156,23,0
2,156,24,0
2,156,25,0
2,156,26,0
2,156,27,0
2,156,28,0
2,156,29,0
2,156,30,0
2,156,31,0
2,156,32,0
2,156,33,0
2,156,34,0
2,156,35,0
2,156,36,0
2,156,37,0
2,156,38,0
2,156,39,0
2,156,40,0
2,156,41,0
2,156,42,0
2,156,43,0
2,156,44,0
2,156,45,0
2,156,46,0
2,156,47,0
2,156,48,0
2,156,49,0
2,156,50,0
2,156,51,0
2,156,52,0
2,156,53,0
2,156,54,0
2,156,55,0
2,156,56,0
2,156,57,0
2,156,58,0
2,156,59,0
2,156,60,0
2,156,61,0
2,156,62,0
2,156,63,0
2,156,64,0
2,156,65,0
2,156,66,0
2,156,67,0
2,156,68,0
2,156,69,0
2,156,70,0
2,156,71,0
2,156,72,0
2,156,73,0
2,156,74,0
2,156,75,0
2,156,76,0
2,156,77,0
2,156,78,0
2,156,79,0
2,156,80,0
2,156,81,0
2,156,82,0
2,156,83,0
2,156,84,0
2,156,85,0
2,156,86,0
2,156,87,0
2,156,88,0
2,156,89,0
2,156,90,0
2,156,91,0
2,156,92,0
2,156,93,0
2,156,94,0
2,156,95,0
2,156,96,0
2,156,97,0
2,156,98,0
2,156,99,0
2,156,100,0
2,156,101,0
2,156,102,0
2,156,103,0
2,156,104,0
2,156,105,0
2,156,106,0
2,156,107,0
2,156,108,0
2,156,109,0
2,156,110,0
2,156,111,0
2,156,112,0
2,156,113,0
2,156,114,0
2,156,115,0
2,156,116,0
2,156,117,0
2,156,118,0
2,156,119,0
2,156,120,0
2,156,121,0
2,156,122,0
2,156,123,0
2,156,124,0
2,156,125,0
2,156,126,0
2,156,127,0
2,156,128,0
2,156,129,0
2,156,130,0
2,156,131,0
2,156,132,0
2,156,133,0
2,156,134,0
2,156,135,0
2,156,136,0
2,156,137,0
2,156,138,0
2,156,139,0
2,156,140,0
2,156,141,0
2,156,142,0
2,156,143,0
2,156,144,0
2,156,145,0
2,156,146,0
2,156,147,0
2,156,148,0
2,156,149,0
2,156,150,0
2,156,151,0
2,156,152,0
2,156,153,0
2,156,154,0
2,156,155,0
2,156,156,0
2,156,157,0
2,156,158,0
2,156,159,0
2,156,160,0
2,156,161,0
2,156,162,0
2,156,163,0
2,156,164,0
2,156,165,0
2,156,166,0
2,156,167,0
2,156,168,0
2,156,169,0
2,156,170,0
2,156,171,0
2,156,172,0
2,156,173,0
2,156,174,0
2,156,175,0
2,156,176,0
2,156,177,0
2,156,178,0
2,156,179,0
2,156,180,0
2,156,181,0
2,156,182,0
2,156,183,0
2,156,184,0
2,156,185,0
2,156,186,0
2,156,187,0
2,156,188,0
2,156,189,0
2,156,190,0
2,156,191,0
2,156,192,0
2,156,193,0
2,156,194,0
2,156,195,0
2,156,196,0
2,156,197,0
2,156,198,0
2,156,199,0
2,156,200,0
2,156,201,0
2,156,202,0
2,156,203,0
2,156,204,0
2,156,205,0
2,156,206,0
2,156,207,0
2,156,208,0
2,156,209,0
2,156,210,0
2,156,211,0
2,156,212,0
2,156,213,0
2,156,214,0
2,156,215,0
2,156,216,0
2,156,217,0
2,156,218,0
2,156,219,0
2,156,220,0
2,156,221,0
2,156,222,0
2,156,223,0
2,156,224,0
2,156,225,0
2,156,226,0
2,156,227,0
2,156,228,0
2,156,229,0
2,156,230,0
2,156,231,0
2,156,232,0
2,156,233,0
2,156,234,0
2,156,235,0
2,156,236,0
2,156,237,0
2,156,238,0
2,156,239,0
2,156,240,0
2,156,241,0
2,156,242,0
2,156,243,0
2,156,244,0
2,156,245,0
2,156,246,0
2,156,247,0
2,156,248,0
2,156,249,0
2,156,250,0
2,156,251,0
2,156,252,0
2,156,253,0
2,156,254,0
2,156,255,0
2,156,256,0
2,156,257,0
2,156,258,0
2,156,259,0
2,156,260,0
2,156,261,0
2,156,262,0
2,156,263,0
2,156,264,0
2,156,265,0
2,156,266,0
2,156,267,0
2,156,268,0
2,156,269,0
2,156,270,0
2,156,271,0
2,156,272,0
2,156,273,0
2,156,274,0
2,156,275,0
2,156,276,0
2,156,277,0
2,156,278,0
2,156,279,0
2,156,280,0
2,156,281,0
2,156,282,0
2,156,283,0
2,156,284,0
2,156,285,0
2,156,286,0
2,156,287,0
2,156,288,0
2,156,289,0
2,156,290,0
2,156,291,0
2,156,292,0
2,156,293,0
2,156,294,0
2,156,295,0
2,156,296,0
2,156,297,0
2,156,298,0
2,156,299,0
2,156,300,0
2,156,301,0
2,156,302,0
2,156,303,0
2,156,304,0
2,156,305,0
2,156,306,0
2,156,307,0
2,156,308,0
2,156,309,0
2,156,310,0
2,156,311,0
2,156,312,0
2,156,313,0
2,156,314,0
2,156,315,0
2,156,316,0
2,156,317,0
2,156,318,0
2,156,319,0
2,156,320,0
2,156,321,0
2,156,322,0
2,156,323,0
2,156,324,0
2,156,325,0
2,156,326,0
2,156,327,0
2,156,328,0
2,156,329,0
2,156,330,0
2,156,331,0
2,156,332,0
2,156,333,0
2,156,334,0
2,156,335,0
2,156,336,0
2,156,337,0
2,156,338,0
2,156,339,0
2,156,340,0
2,156,341,0
2,156,342,0
2,156,343,0
2,156,344,0
2,156,345,0
2,156,346,0
2,156,347,0
2,156,348,0
2,156,349,0
2,156,350,0
2,156,351,0
2,156,352,0
2,156,353,0
2,156,354,0
2,156,355,0
2,156,356,0
2,156,357,0
2,156,358,0
2,156,359,0
2,156,360,0
2,156,361,0
2,156,362,0
2,156,363,0
2,156,364,0
2,156,365,0
2,156,366,0
2,156,367,0
2,156,368,0
2,156,369,0
2,156,370,0
2,156,371,0
2,156,372,0
2,156,373,0
2,156,374,0
2,156,375,0
2,156,376,0
2,156,377,0
2,156,378,0
2,156,379,0
2,156,380,0
2,156,381,0
2,156,382,0
2,156,383,0
2,156,384,0
2,156,385,0
2,156,386,0
2,156,387,0
2,156,388,0
2,156,389,0
2,156,390,0
2,156,391,0
2,156,392,0
2,156,393,0
2,156,394,0
2,156,395,0
2,156,396,0
2,156,397,0
2,156,398,0
2,156,399,0
2,156,400,0
2,156,401,0
2,156,402,0
2,156,403,0
2,156,404,0
2,156,405,0
2,156,406,0
2,156,407,0
2,156,408,0
2,156,409,0
2,156,410,0
2,156,411,0
2,156,412,0
2,156,413,0
2,156,414,0
2,156,415,0
2,156,416,0
2,156,417,0
2,156,418,0
2,156,419,0
2,156,420,0
2,156,421,0
2,156,422,0
2,156,423,0
2,156,424,0
2,156,425,0
2,156,426,0
2,156,427,0
2,156,428,0
2,156,429,0
2,156,430,0
2,156,431,0
2,156,432,0
2,156,433,0
2,156,434,0
2,156,435,0
2,156,436,0
2,156,437,0
2,156,438,0
2,156,439,0
2,156,440,0
2,156,441,0
2,156,442,0
2,156,443,0
2,156,444,0
2,156,445,0
2,156,446,0
2,156,447,0
2,156,448,0
2,156,449,0
2,156,450,0
2,156,451,0
2,156,452,0
2,156,453,0
2,156,454,0
2,156,455,0
2,156,456,0
2,156,457,0
2,156,458,0
2,156,459,0
2,156,460,0
2,156,461,0
2,156,462,0
2,156,463,0
2,156,464,0
2,156,465,0
2,156,466,0
2,156,467,0
2,156,468,0
2,156,469,0
2,156,470,0
2,156,471,0
2,156,472,0
2,156,473,0
2,156,474,0
2,156,475,0
2,156,476,0
2,156,477,0
2,156,478,0
2,156,479,0
2,156,480,0
2,156,481,0
2,156,482,0
2,156,483,0
2,156,484,0
2,156,485,0
2,156,486,0
2,156,487,0
2,156,488,0
2,156,489,0
2,156,490,0
2,156,491,0
2,156,492,0
2,156,493,0
2,156,494,0
2,156,495,0
2,156,496,0
2,156,497,0
2,156,498,0
2,156,499,0
2,156,500,0
2,156,501,0
2,156,502,0
2,156,503,0
2,156,504,0
2,156,505,0
2,156,506,0
2,156,507,0
2,156,508,0
2,156,509,0
2,156,510,0
2,156,511,0
2,156,512,0
2,156,513,0
2,156,514,0
2,156,515,0
2,156,516,0
2,156,517,0
2,156,518,0
2,156,519,0
2,156,520,0
2,156,521,0
2,156,522,0
2,156,523,0
2,156,524,0
2,156,525,0
2,156,526,0
2,156,527,0
2,156,528,0
2,156,529,0
2,156,530,0
2,156,531,0
2,156,532,0
2,156,533,0
2,156,534,0
2,156,535,0
2,156,536,0
2,156,537,0
2,156,538,0
2,156,539,0
2,156,540,0
2,156,541,0
2,156,542,0
2,156,543,0
2,156,544,0
2,156,545,0
2,156,546,0
2,156,547,0
2,156,548,0
2,156,549,0
2,156,550,0
2,156,551,0
2,156,552,0
2,156,553,0
2,156,554,0
2,156,555,0
2,156,556,0
2,156,557,0
2,156,558,0
2,156,559,0
2,156,560,0
2,156,561,0
2,156,562,0
2,156,563,0
2,156,564,0
2,156,565,0
2,156,566,0
2,156,567,0
2,156,568,0
2,156,569,0
2,156,570,0
2,156,571,0
2,156,572,0
2,156,573,0
2,156,574,0
2,156,575,0
2,156,576,0
2,156,577,0
2,156,578,0
2,156,579,0
2,156,580,0
2,156,581,0
2,156,582,0
2,156,583,0
2,156,584,0
2,156,585,0
2,156,586,0
2,156,587,0
2,156,588,0
2,156,589,0
2,156,590,0
2,156,591,0
2,156,592,0
2,156,593,0
2,156,594,0
2,156,595,0
2,156,596,0
2,156,597,0
2,156,598,0
2,156,599,0
2,156,600,0
2,156,601,0
2,156,602,0
2,156,603,0
2,156,604,0
2,156,605,0
2,156,606,0
2,156,607,0
2,156,608,0
2,156,609,0
2,156,610,0
2,156,611,0
2,156,612,0
2,156,613,0
2,156,614,0
2,156,615,0
2,156,616,0
2,156,617,0
2,156,618,0
2,156,619,0
2,156,620,0
2,156,621,0
2,156,622,0
2,156,623,0
2,156,624,0
2,156,625,0
2,156,626,0
2,156,627,0
2,156,628,0
2,156,629,0
2,156,630,0
2,156,631,0
2,156,632,0
2,156,633,0
2,156,634,0
2,156,635,0
2,156,636,0
2,156,637,0
2,156,638,0
2,156,639,0
2,156,640,0
2,156,641,0
2,156,642,0
2,156,643,0
2,156,644,0
2,156,645,0
2,156,646,0
2,156,647,0
2,156,648,0
2,156,649,0
2,156,650,0
2,156,651,0
2,156,652,0
2,156,653,0
2,156,654,0
2,156,655,0
2,156,656,0
2,156,657,0
2,156,658,0
2,156,659,0
2,156,660,0
2,156,661,0
2,156,662,0
2,156,663,0
2,156,664,0
2,156,665,0
2,156,666,0
2,156,667,0
2,156,668,0
2,156,669,0
1,160,1,0
1,160,2,0
1,160,3,0
1,160,4,0
1,160,5,0
1,160,6,0
1,160,7,0
1,160,8,0
1,160,9,0
1,160,10,0
1,160,11,0
1,160,12,0
1,160,13,0
1,160,14,0
1,160,15,0
1,160,16,0
1,160,17,0
1,160,18,0
1,160,19,0
1,160,20,0
1,160,21,0
1,160,22,0
2,172,1,0
2,172,2,0
2,172,3,0
2,172,4,0
2,172,5,0
2,172,6,0
2,172,7,0
2,172,8,0
2,172,9,0
2,172,10,0
2,172,11,0
2,172,12,0
2,172,13,0
2,172,14,0
2,172,15,0
2,172,16,0
2,172,17,0
2,172,18,0
2,172,19,0
2,172,20,0
2,172,21,0
2,172,22,0
2,172,23,0
2,172,24,0
2,172,25,0
2,172,26,0
2,172,27,0
2,172,28,0
2,172,29,0
2,172,30,0
2,172,31,0
2,172,32,0
2,172,33,0
2,172,34,0
2,172,35,0
2,172,36,0
5,172,37,0
5,172,38,0
5,172,39,0
5,172,40,0
5,172,41,0
5,172,42,0
5,172,43,0
5,172,44,0
5,172,45,0
5,172,46,0
5,172,47,0
5,172,48,0
5,172,49,0
5,172,50,0
5,172,51,0
5,172,52,0
5,172,53,0
5,172,54,0
5,172,55,0
5,172,56,0
5,172,57,0
5,172,58,0
5,172,59,0
5,172,60,0
5,172,61,0
5,172,62,0
5,172,63,0
5,172,64,0
5,172,65,0
5,172,66,0
5,172,67,0
5,172,68,0
5,172,69,0
5,172,70,0
5,172,71,0
5,172,72,0
5,172,73,0
5,172,74,0
5,172,75,0
5,172,76,0
5,172,77,0
5,172,78,0
5,172,79,0
5,172,80,0
5,172,81,0
5,172,82,0
5,172,83,0
5,172,84,0
5,172,85,0
5,172,86,0
5,172,87,0
5,172,88,0
5,172,89,0
5,172,90,0
5,172,91,0
5,172,92,0
5,172,93,0
5,172,94,0
5,172,95,0
5,172,96,0
5,172,97,0
5,172,98,0
5,172,99,0
5,172,100,0
5,172,101,0
5,172,102,0
5,172,103,0
5,172,104,0
5,172,105,0
5,172,106,0
5,172,107,0
5,172,108,0
5,172,109,0
5,172,110,0
5,172,111,0
5,172,112,0
5,172,113,0
5,172,114,0
5,172,115,0
5,172,116,0
5,172,117,0
5,172,118,0
5,172,119,0
5,172,120,0
5,172,121,0
5,172,122,0
5,172,123,0
5,172,124,0
5,172,125,0
5,172,126,0
5,172,127,0
5,172,128,0
5,172,129,0
5,172,130,0
5,172,131,0
5,172,132,0
5,172,133,0
5,172,134,0
5,172,135,0
5,172,136,0
5,172,137,0
5,172,138,0
5,172,139,0
5,172,140,0
5,172,141,0
5,172,142,0
5,172,143,0
5,172,144,0
5,172,145,0
5,172,146,0
5,172,147,0
5,172,148,0
5,172,149,0
5,172,150,0
5,172,151,0
5,172,152,0
5,172,153,0
5,172,154,0
5,172,155,0
5,172,156,0
5,172,157,0
5,172,158,0
5,172,159,0
5,172,160,0
5,172,161,0
5,172,162,0
5,172,163,0
5,172,164,0
5,172,165,0
5,172,166,0
5,172,167,0
5,172,168,0
5,172,169,0
5,172,170,0
5,172,171,0
5,172,172,0
5,172,173,0
5,172,174,0
5,172,175,0
5,172,176,0
5,172,177,0
5,172,178,0
5,172,179,0
5,172,180,0
5,172,181,0
5,172,182,0
5,172,183,0
5,172,184,0
5,172,185,0
5,172,186,0
5,172,187,0
5,172,188,0
5,172,189,0
5,172,190,0
5,172,191,0
5,172,192,0
5,172,193,0
5,172,194,0
5,172,195,0
5,172,196,0
5,172,197,0
5,172,198,0
5,172,199,0
5,172,200,0
5,172,201,0
5,172,202,0
5,172,203,0
5,172,204,0
5,172,205,0
5,172,206,0
5,172,207,0
5,172,208,0
5,172,209,0
5,172,210,0
5,172,211,0
5,172,212,0
5,172,213,0
5,172,214,0
5,172,215,0
5,172,216,0
5,172,217,0
5,172,218,0
5,172,219,0
5,172,220,0
5,172,221,0
5,172,222,0
5,172,223,0
5,172,224,0
5,172,225,0
5,172,226,0
5,172,227,0
5,172,228,0
5,172,229,0
5,172,230,0
5,172,231,0
5,172,232,0
5,172,233,0
5,172,234,0
5,172,235,0
5,172,236,0
5,172,237,0
5,172,238,0
5,172,239,0
5,172,240,0
5,172,241,0
5,172,242,0
5,172,243,0
5,172,244,0
5,172,245,0
5,172,246,0
5,176,1,0
5,176,2,0
5,176,3,0
5,176,4,0
5,176,5,0
5,176,6,0
5,176,7,0
5,176,8,0
5,176,9,0
5,176,10,0
5,176,11,0
5,176,12,0
5,176,13,0
5,176,14,0
5,176,15,0
5,176,16,0
5,176,17,0
5,176,18,0
5,176,19,0
5,176,20,0
5,176,21,0
5,176,22,0
5,176,23,0
5,176,24,0
5,176,25,0
5,176,26,0
5,176,27,0
5,176,28,0
5,176,29,0
5,176,30,0
5,176,31,0
5,176,32,0
5,176,33,0
5,176,34,0
5,176,35,0
5,176,36,0
5,176,37,0
5,176,38,0
5,176,39,0
5,176,40,0
5,176,41,0
5,176,42,0
5,176,43,0
5,176,44,0
5,176,45,0
5,176,46,0
5,176,47,0
5,176,48,0
5,176,49,0
5,176,50,0
5,176,51,0
5,176,52,0
5,176,53,0
5,176,54,0
5,176,55,0
5,176,56,0
5,176,57,0
5,176,58,0
5,176,59,0
5,176,60,0
5,176,61,0
5,176,62,0
5,176,63,0
5,176,64,0
5,176,65,0
5,176,66,0
5,176,67,0
5,176,68,0
5,176,69,0
5,176,70,0
5,176,71,0
5,176,72,0
5,176,73,0
5,176,74,0
5,176,75,0
5,176,76,0
5,176,77,0
5,176,78,0
5,176,79,0
5,176,80,0
5,176,81,0
5,176,82,0
5,176,83,0
5,176,84,0
5,176,85,0
5,176,86,0
5,176,87,0
3,182,1,0
3,182,2,0
3,182,3,0
3,182,4,0
3,182,5,0
3,182,6,0
3,182,7,0
3,182,8,0
3,182,9,0
3,182,10,0
3,182,11,0
3,182,12,0
3,182,13,0
3,182,14,0
3,182,15,0
3,182,16,0
3,182,17,0
3,182,18,0
3,182,19,0
3,182,20,0
3,182,21,0
3,182,22,0
3,182,23,0
3,182,24,0
3,182,25,0
3,182,26,0
3,182,27,0
3,182,28,0
3,182,29,0
3,182,30,0
3,182,31,0
3,182,32,0
3,182,33,0
3,182,34,0
3,182,35,0
3,182,36,0
3,182,37,0
3,182,38,0
3,182,39,0
3,182,40,0
3,182,41,0
3,182,42,0
3,182,43,0
3,182,44,0
3,182,45,0
3,182,46,0
3,182,47,0
3,182,48,0
3,182,49,0
3,182,50,0
3,182,51,0
3,182,52,0
3,182,53,0
3,182,54,0
3,182,55,0
3,182,56,0
3,182,57,0
3,182,58,0
3,182,59,0
3,182,60,0
3,182,61,0
3,182,62,0
3,182,63,0
3,182,64,0
3,182,65,0
3,182,66,0
3,182,67,0
3,182,68,0
3,182,69,0
3,182,70,0
3,182,71,0
3,182,72,0
3,182,73,0
3,182,74,0
3,182,75,0
3,182,76,0
3,182,77,0
3,182,78,0
3,182,79,0
3,182,80,0
3,182,81,0
3,182,82,0
3,182,83,0
3,182,84,0
3,182,85,0
3,182,86,0
3,182,87,0
3,182,88,0
3,182,89,0
3,182,90,0
3,182,91,0
3,182,92,0
3,182,93,0
3,182,94,0
3,182,95,0
3,182,96,0
3,182,97,0
3,182,98,0
3,182,99,0
3,182,100,0
3,182,101,0
3,182,102,0
3,182,103,0
3,182,104,0
3,182,105,0
3,182,106,0
3,182,107,0
3,182,108,0
3,182,109,0
3,182,110,0
3,182,111,0
3,182,112,0
3,182,113,0
3,182,114,0
3,182,115,0
3,182,116,0
3,182,117,0
3,182,118,0
3,182,119,0
3,182,120,0
3,182,121,0
3,182,122,0
3,182,123,0
3,182,124,0
3,182,125,0
3,182,126,0
3,182,127,0
3,182,128,0
3,182,129,0
3,182,130,0
3,182,131,0
3,182,132,0
3,182,133,0
3,182,134,0
3,182,135,0
3,182,136,0
3,182,137,0
3,182,138,0
3,182,139,0
3,182,140,0
3,182,141,0
3,182,142,0
3,182,143,0
3,182,144,0
3,182,145,0
3,182,146,0
3,182,147,0
3,182,148,0
3,182,149,0
3,182,150,0
3,182,151,0
3,182,152,0
3,182,153,0
3,182,154,0
3,182,155,0
3,182,156,0
3,182,157,0
3,182,158,0
3,182,159,0
3,182,160,0
3,182,161,0
3,182,162,0
3,182,163,0
3,182,164,0
3,182,165,0
3,182,166,0
3,182,167,0
3,182,168,0
3,182,169,0
3,182,170,0
3,182,171,0
3,182,172,0
3,182,173,0
3,182,174,0
3,182,175,0
3,182,176,0
3,182,177,0
3,182,178,0
3,182,179,0
3,182,180,0
3,182,181,0
3,182,182,0
3,182,183,0
3,182,184,0
3,182,185,0
3,182,186,0
3,182,187,0
3,182,188,0
3,182,189,0
3,182,190,0
3,182,191,0
3,182,192,0
3,182,193,0
3,182,194,0
3,182,195,0
3,182,196,0
3,182,197,0
3,182,198,0
3,182,199,0
3,182,200,0
3,182,201,0
3,182,202,0
3,182,203,0
3,182,204,0
3,182,205,0
3,182,206,0
3,182,207,0
3,182,208,0
3,182,209,0
3,182,210,0
3,182,211,0
3,182,212,0
3,182,213,0
3,182,214,0
3,182,215,0
3,182,216,0
3,182,217,0
3,182,218,0
3,182,219,0
3,182,220,0
3,182,221,0
3,182,222,0
3,182,223,0
3,182,224,0
3,182,225,0
3,182,226,0
3,182,227,0
3,182,228,0
3,182,229,0
3,182,230,0
3,182,231,0
3,182,232,0
3,182,233,0
3,182,234,0
3,182,235,0
3,182,236,0
3,182,237,0
3,182,238,0
3,182,239,0
3,182,240,0
3,182,241,0
3,182,242,0
3,182,243,0
3,182,244,0
3,182,245,0
3,182,246,0
3,182,247,0
3,182,248,0
3,182,249,0
3,182,250,0
3,182,251,0
3,182,252,0
3,182,253,0
3,182,254,0
3,182,255,0
3,182,256,0
3,182,257,0
3,182,258,0
3,182,259,0
3,182,260,0
3,182,261,0
3,182,262,0
3,182,263,0
3,182,264,0
3,182,265,0
3,182,266,0
3,182,267,0
3,182,268,0
3,182,269,0
3,182,270,0
3,182,271,0
3,182,272,0
3,182,273,0
3,182,274,0
3,182,275,0
3,182,276,0
3,182,277,0
3,182,278,0
3,182,279,0
3,182,280,0
3,182,281,0
3,182,282,0
3,182,283,0
3,182,284,0
3,182,285,0
3,182,286,0
3,182,287,0
3,182,288,0
3,182,289,0
3,182,290,0
3,182,291,0
3,182,292,0
3,182,293,0
3,182,294,0
3,182,295,0
3,182,296,0
3,182,297,0
3,182,298,0
3,182,299,0
3,182,300,0
3,182,301,0
3,182,302,0
3,182,303,0
3,182,304,0
3,182,305,0
3,182,306,0
3,182,307,0
3,182,308,0
3,182,309,0
3,182,310,0
3,182,311,0
3,182,312,0
3,182,313,0
3,182,314,0
3,182,315,0
3,182,316,0
3,182,317,0
3,182,318,0
3,182,319,0
3,182,320,0
3,182,321,0
3,182,322,0
3,182,323,0
3,182,324,0
3,182,325,0
3,182,326,0
3,182,327,0
3,182,328,0
3,182,329,0
3,182,330,0
3,182,331,0
3,182,332,0
3,182,333,0
3,182,334,0
3,182,335,0
3,182,336,0
3,182,337,0
3,182,338,0
3,182,339,0
3,182,340,0
3,182,341,0
3,182,342,0
3,182,343,0
3,182,344,0
3,182,345,0
3,182,346,0
3,182,347,0
3,182,348,0
3,182,349,0
3,182,350,0
3,182,351,0
3,182,352,0
3,182,353,0
3,182,354,0
3,182,355,0
3,182,356,0
3,182,357,0
3,182,358,0
3,182,359,0
3,182,360,0
3,182,361,0
3,182,362,0
3,182,363,0
3,182,364,0
3,182,365,0
3,182,366,0
3,182,367,0
3,182,368,0
3,182,369,0
3,182,370,0
3,182,371,0
3,182,372,0
3,182,373,0
3,182,374,0
3,182,375,0
3,182,376,0
3,182,377,0
3,182,378,0
3,182,379,0
3,182,380,0
3,182,381,0
3,182,382,0
3,182,383,0
3,182,384,0
3,182,385,0
3,182,386,0
3,182,387,0
3,182,388,0
3,182,389,0
3,182,390,0
3,182,391,0
3,182,392,0
3,182,393,0
3,182,394,0
3,182,395,0
3,182,396,0
3,182,397,0
3,182,398,0
3,182,399,0
3,182,400,0
3,182,401,0
3,182,402,0
3,182,403,0
3,182,404,0
3,182,405,0
3,182,406,0
3,182,407,0
3,182,408,0
3,182,409,0
3,182,410,0
3,182,411,0
3,182,412,0
3,182,413,0
3,182,414,0
3,182,415,0
3,182,416,0
3,182,417,0
3,182,418,0
3,182,419,0
3,182,420,0
3,182,421,0
3,182,422,0
3,182,423,0
3,182,424,0
3,182,425,0
3,182,426,0
3,182,427,0
3,182,428,0
3,182,429,0
3,182,430,0
3,182,431,0
3,182,432,0
3,182,433,0
3,182,434,0
3,182,435,0
3,182,436,0
3,182,437,0
3,182,438,0
3,182,439,0
3,182,440,0
3,182,441,0
3,182,442,0
3,182,443,0
3,182,444,0
3,182,445,0
3,182,446,0
3,182,447,0
3,182,448,0
3,182,449,0
3,182,450,0
3,182,451,0
3,182,452,0
3,182,453,0
3,182,454,0
3,182,455,0
3,182,456,0
3,182,457,0
3,182,458,0
3,182,459,0
3,182,460,0
3,182,461,0
3,182,462,0
3,182,463,0
3,182,464,0
3,182,465,0
3,182,466,0
3,182,467,0
3,182,468,0
3,182,469,0
3,182,470,0
3,182,471,0
3,182,472,0
3,182,473,0
3,182,474,0
3,182,475,0
3,182,476,0
3,182,477,0
3,182,478,0
3,182,479,0
3,182,480,0
3,182,481,0
3,182,482,0
3,182,483,0
3,182,484,0
3,182,485,0
3,182,486,0
3,182,487,0
3,182,488,0
3,182,489,0
3,182,490,0
3,182,491,0
3,182,492,0
3,182,493,0
3,182,494,0
3,182,495,0
3,182,496,0
3,182,497,0
3,182,498,0
3,182,499,0
3,182,500,0
3,182,501,0
3,182,502,0
3,182,503,0
3,182,504,0
3,182,505,0
3,182,506,0
3,182,507,0
3,182,508,0
3,182,509,0
3,182,510,0
3,182,511,0
3,182,512,0
3,182,513,0
3,182,514,0
3,182,515,0
3,182,516,0
3,182,517,0
3,182,518,0
3,182,519,0
3,182,520,0
3,182,521,0
3,182,522,0
3,182,523,0
3,182,524,0
3,182,525,0
3,182,526,0
3,182,527,0
3,182,528,0
3,182,529,0
3,182,530,0
3,182,531,0
3,182,532,0
3,182,533,0
3,182,534,0
3,182,535,0
3,182,536,0
3,182,537,0
3,182,538,0
3,182,539,0
3,182,540,0
3,182,541,0
3,182,542,0
3,182,543,0
3,182,544,0
3,182,545,0
3,182,546,0
3,182,547,0
3,182,548,0
3,182,549,0
3,182,550,0
3,182,551,0
3,182,552,0
3,182,553,0
3,182,554,0
3,182,555,0
3,182,556,0
3,182,557,0
3,182,558,0
3,182,559,0
3,182,560,0
3,182,561,0
3,182,562,0
3,182,563,0
3,182,564,0
3,182,565,0
3,182,566,0
3,182,567,0
3,182,568,0
3,182,569,0
3,182,570,0
3,182,571,0
3,182,572,0
3,182,573,0
3,182,574,0
3,182,575,0
3,182,576,0
3,182,577,0
3,182,578,0
3,182,579,0
3,182,580,0
3,182,581,0
3,182,582,0
3,182,583,0
3,182,584,0
3,182,585,0
3,182,586,0
3,182,587,0
3,182,588,0
3,182,589,0
3,182,590,0
3,182,591,0
3,182,592,0
3,182,593,0
3,182,594,0
3,182,595,0
3,182,596,0
3,182,597,0
3,182,598,0
3,182,599,0
3,182,600,0
3,182,601,0
3,182,602,0
3,182,603,0
3,182,604,0
3,182,605,0
3,182,606,0
3,182,607,0
3,182,608,0
3,182,609,0
3,182,610,0
3,182,611,0
3,182,612,0
3,182,613,0
3,182,614,0
3,182,615,0
3,182,616,0
3,182,617,0
3,182,618,0
3,182,619,0
3,182,620,0
3,182,621,0
3,182,622,0
3,182,623,0
3,182,624,0
3,182,625,0
3,182,626,0
3,182,627,0
3,182,628,0
3,182,629,0
3,182,630,0
3,182,631,0
3,182,632,0
3,182,633,0
3,182,634,0
3,182,635,0
3,182,636,0
3,182,637,0
3,182,638,0
3,182,639,0
3,182,640,0
3,182,641,0
3,182,642,0
3,182,643,0
3,182,644,0
3,182,645,0
3,182,646,0
3,182,647,0
3,182,648,0
3,182,649,0
3,182,650,0
3,182,651,0
3,182,652,0
3,182,653,0
3,182,654,0
3,182,655,0
3,182,656,0
3,182,657,0
3,182,658,0
3,182,659,0
3,182,660,0
3,182,661,0
3,182,662,0
3,182,663,0
3,182,664,0
3,182,665,0
3,182,666,0
3,182,667,0
3,182,668,0
3,182,669,0
3,182,670,0
3,182,671,0
3,182,672,0
3,182,673,0
3,182,674,0
3,182,675,0
3,182,676,0
3,182,677,0
3,182,678,0
3,182,679,0
3,182,680,0
3,182,681,0
3,182,682,0
3,182,683,0
3,182,684,0
3,182,685,0
3,182,686,0
3,182,687,0
3,182,688,0
3,182,689,0
3,182,690,0
3,182,691,0
3,182,692,0
3,182,693,0
3,182,694,0
3,182,695,0
3,182,696,0
3,182,697,0
3,182,698,0
3,182,699,0
3,182,700,0
3,182,701,0
3,182,702,0
3,182,703,0
3,182,704,0
3,182,705,0
3,182,706,0
3,182,707,0
3,182,708,0
3,182,709,0
3,182,710,0
3,182,711,0
3,182,712,0
3,182,713,0
3,182,714,0
3,182,715,0
3,182,716,0
3,182,717,0
3,182,718,0
3,182,719,0
3,182,720,0
3,182,721,0
3,182,722,0
3,182,723,0
3,182,724,0
3,182,725,0
3,182,726,0
3,182,727,0
3,182,728,0
3,182,729,0
3,182,730,0
3,182,731,0
3,182,732,0
3,182,733,0
3,182,734,0
3,182,735,0
3,182,736,0
3,182,737,0
3,182,738,0
3,182,739,0
3,182,740,0
3,182,741,0
3,182,742,0
3,182,743,0
3,182,744,0
3,182,745,0
3,182,746,0
3,182,747,0
3,182,748,0
3,182,749,0
3,182,750,0
3,182,751,0
3,182,752,0
3,182,753,0
3,182,754,0
3,182,755,0
3,182,756,0
3,182,757,0
3,182,758,0
3,182,759,0
3,182,760,0
3,182,761,0
3,182,762,0
3,182,763,0
3,182,764,0
3,182,765,0
3,182,766,0
3,182,767,0
3,182,768,0
3,182,769,0
3,182,770,0
3,182,771,0
3,182,772,0
3,182,773,0
3,182,774,0
3,182,775,0
3,182,776,0
3,182,777,0
3,182,778,0
3,182,779,0
3,182,780,0
3,182,781,0
3,182,782,0
3,182,783,0
3,182,784,0
3,182,785,0
3,182,786,0
3,182,787,0
3,182,788,0
3,182,789,0
3,182,790,0
3,182,791,0
3,182,792,0
3,182,793,0
3,182,794,0
3,182,795,0
3,182,796,0
3,182,797,0
3,182,798,0
3,182,799,0
3,182,800,0
3,182,801,0
3,182,802,0
3,182,803,0
3,182,804,0
3,182,805,0
3,182,806,0
3,182,807,0
3,182,808,0
3,182,809,0
3,182,810,0
3,182,811,0
3,182,812,0
3,182,813,0
3,182,814,0
3,182,815,0
3,182,816,0
3,182,817,0
3,182,818,0
3,182,819,0
3,182,820,0
3,182,821,0
3,182,822,0
3,182,823,0
3,182,824,0
3,182,825,0
3,182,826,0
3,182,827,0
3,182,828,0
3,182,829,0
3,182,830,0
3,182,831,0
3,182,832,0
3,182,833,0
3,182,834,0
3,182,835,0
3,182,836,0
3,182,837,0
3,182,838,0
3,182,839,0
3,182,840,0
3,182,841,0
3,182,842,0
3,182,843,0
3,182,844,0
3,182,845,0
3,182,846,0
3,182,847,0
3,182,848,0
3,182,849,0
3,182,850,0
3,182,851,0
3,182,852,0
3,182,853,0
3,182,854,0
3,182,855,0
3,182,856,0
3,182,857,0
3,182,858,0
3,182,859,0
3,182,860,0
3,182,861,0
3,182,862,0
3,182,863,0
3,182,864,0
3,182,865,0
3,182,866,0
3,182,867,0
3,182,868,0
3,182,869,0
3,182,870,0
3,182,871,0
3,182,872,0
3,182,873,0
3,182,874,0
3,182,875,0
3,182,876,0
3,182,877,0
3,182,878,0
3,182,879,0
3,182,880,0
3,182,881,0
3,182,882,0
3,182,883,0
3,182,884,0
3,182,885,0
3,182,886,0
3,182,887,0
3,182,888,0
3,182,889,0
3,182,890,0
3,182,891,0
3,182,892,0
3,182,893,0
3,182,894,0
3,182,895,0
3,182,896,0
3,182,897,0
3,182,898,0
3,182,899,0
3,182,900,0
3,182,901,0
3,182,902,0
3,182,903,0
3,182,904,0
3,182,905,0
3,182,906,0
3,182,907,0
3,182,908,0
3,182,909,0
3,182,910,0
3,182,911,0
3,182,912,0
3,182,913,0
3,182,914,0
3,182,915,0
3,182,916,0
3,182,917,0
3,182,918,0
3,182,919,0
3,182,920,0
3,182,921,0
3,182,922,0
3,182,923,0
3,182,924,0
3,182,925,0
3,182,926,0
3,182,927,0
3,182,928,0
3,182,929,0
3,182,930,0
3,182,931,0
3,182,932,0
3,182,933,0
3,182,934,0
3,182,935,0
3,182,936,0
3,182,937,0
3,182,938,0
3,182,939,0
3,182,940,0
3,182,941,0
3,182,942,0
3,182,943,0
3,182,944,0
3,182,945,0
3,182,946,0
3,182,947,0
3,182,948,0
3,182,949,0
3,182,950,0
3,182,951,0
3,182,952,0
3,182,953,0
3,182,954,0
3,182,955,0
3,182,956,0
3,182,957,0
3,182,958,0
3,182,959,0
3,182,960,0
3,182,961,0
3,182,962,0
3,182,963,0
3,182,964,0
3,182,965,0
3,182,966,0
3,182,967,0
3,182,968,0
3,182,969,0
3,182,970,0
3,182,971,0
3,182,972,0
3,182,973,0
3,182,974,0
3,182,975,0
3,182,976,0
3,182,977,0
3,182,978,0
3,182,979,0
3,182,980,0
3,182,981,0
3,182,982,0
3,182,983,0
3,182,984,0
3,182,985,0
3,182,986,0
3,182,987,0
3,182,988,0
3,182,989,0
3,182,990,0
3,182,991,0
3,182,992,0
3,182,993,0
3,182,994,0
3,182,995,0
3,182,996,0
3,182,997,0
3,182,998,0
3,182,999,0
3,182,1000,0
3,182,1001,0
3,182,1002,0
3,182,1003,0
3,182,1004,0
3,182,1005,0
3,182,1006,0
3,182,1007,0
3,182,1008,0
3,182,1009,0
3,182,1010,0
3,182,1011,0
3,182,1012,0
3,182,1013,0
3,182,1014,0
3,182,1015,0
3,182,1016,0
3,182,1017,0
3,182,1018,0
3,182,1019,0
3,182,1020,0
3,182,1021,0
3,182,1022,0
3,182,1023,0
3,182,1024,0
3,182,1025,0
3,182,1026,0
3,182,1027,0
3,182,1028,0
3,182,1029,0
3,182,1030,0
3,182,1031,0
3,182,1032,0
3,182,1033,0
3,182,1034,0
3,182,1035,0
3,182,1036,0
3,182,1037,0
3,182,1038,0
3,182,1039,0
3,182,1040,0
3,182,1041,0
3,182,1042,0
3,182,1043,0
3,182,1044,0
3,182,1045,0
3,182,1046,0
3,182,1047,0
3,182,1048,0
3,182,1049,0
3,182,1050,0
3,182,1051,0
3,182,1052,0
3,182,1053,0
3,182,1054,0
3,182,1055,0
3,182,1056,0
3,182,1057,0
3,182,1058,0
3,182,1059,0
3,182,1060,0
3,182,1061,0
3,182,1062,0
3,182,1063,0
3,182,1064,0
3,182,1065,0
3,182,1066,0
3,182,1067,0
3,182,1068,0
3,182,1069,0
3,182,1070,0
3,182,1071,0
3,182,1072,0
3,182,1073,0
3,182,1074,0
3,182,1075,0
3,182,1076,0
3,182,1077,0
3,182,1078,0
3,182,1079,0
3,182,1080,0
3,182,1081,0
3,182,1082,0
3,182,1083,0
3,182,1084,0
3,182,1085,0
3,182,1086,0
3,182,1087,0
3,182,1088,0
3,182,1089,0
3,182,1090,0
3,182,1091,0
3,182,1092,0
3,182,1093,0
3,182,1094,0
3,182,1095,0
3,182,1096,0
3,182,1097,0
3,182,1098,0
3,182,1099,0
3,182,1100,0
3,182,1101,0
3,182,1102,0
3,182,1103,0
3,182,1104,0
3,182,1105,0
3,182,1106,0
3,182,1107,0
3,182,1108,0
3,182,1109,0
3,182,1110,0
3,182,1111,0
3,182,1112,0
3,182,1113,0
3,182,1114,0
3,182,1115,0
3,182,1116,0
3,182,1117,0
3,182,1118,0
3,182,1119,0
3,182,1120,0
3,182,1121,0
3,182,1122,0
3,182,1123,0
3,182,1124,0
3,182,1125,0
3,182,1126,0
3,182,1127,0
3,182,1128,0
3,182,1129,0
3,182,1130,0
3,182,1131,0
3,182,1132,0
3,182,1133,0
3,182,1134,0
3,182,1135,0
3,182,1136,0
3,182,1137,0
3,182,1138,0
3,182,1139,0
3,182,1140,0
3,182,1141,0
3,182,1142,0
3,182,1143,0
3,182,1144,0
3,182,1145,0
3,182,1146,0
3,182,1147,0
3,182,1148,0
3,182,1149,0
3,182,1150,0
3,182,1151,0
3,182,1152,0
3,182,1153,0
3,182,1154,0
3,182,1155,0
3,182,1156,0
3,182,1157,0
3,182,1158,0
3,182,1159,0
3,182,1160,0
3,182,1161,0
3,182,1162,0
3,182,1163,0
3,182,1164,0
3,182,1165,0
3,182,1166,0
3,182,1167,0
3,182,1168,0
3,182,1169,0
3,182,1170,0
3,182,1171,0
3,182,1172,0
3,182,1173,0
3,182,1174,0
3,182,1175,0
3,182,1176,0
3,182,1177,0
3,182,1178,0
3,182,1179,0
3,182,1180,0
3,182,1181,0
3,182,1182,0
3,182,1183,0
3,182,1184,0
3,182,1185,0
3,182,1186,0
3,182,1187,0
3,182,1188,0
3,182,1189,0
3,182,1190,0
3,182,1191,0
3,182,1192,0
3,182,1193,0
3,182,1194,0
3,182,1195,0
3,182,1196,0
3,182,1197,0
3,182,1198,0
3,182,1199,0
3,182,1200,0
3,182,1201,0
3,182,1202,0
3,182,1203,0
3,182,1204,0
3,182,1205,0
3,182,1206,0
3,182,1207,0
3,182,1208,0
3,182,1209,0
3,182,1210,0
3,182,1211,0
3,182,1212,0
3,182,1213,0
3,182,1214,0
3,182,1215,0
3,182,1216,0
3,182,1217,0
3,182,1218,0
3,182,1219,0
3,182,1220,0
3,182,1221,0
3,182,1222,0
3,182,1223,0
3,182,1224,0
3,182,1225,0
3,182,1226,0
3,182,1227,0
3,182,1228,0
3,182,1229,0
3,182,1230,0
3,182,1231,0
3,182,1232,0
3,182,1233,0
3,182,1234,0
3,182,1235,0
3,182,1236,0
3,182,1237,0
3,182,1238,0
3,182,1239,0
3,182,1240,0
3,182,1241,0
3,182,1242,0
3,182,1243,0
3,182,1244,0
3,182,1245,0
3,182,1246,0
3,182,1247,0
3,182,1248,0
3,182,1249,0
3,182,1250,0
3,182,1251,0
3,182,1252,0
3,182,1253,0
3,182,1254,0
3,182,1255,0
3,182,1256,0
3,182,1257,0
3,182,1258,0
3,182,1259,0
3,182,1260,0
3,182,1261,0
3,182,1262,0
3,182,1263,0
3,182,1264,0
3,182,1265,0
3,182,1266,0
3,182,1267,0
3,182,1268,0
3,182,1269,0
3,182,1270,0
3,182,1271,0
3,182,1272,0
3,182,1273,0
3,182,1274,0
3,182,1275,0
3,182,1276,0
3,182,1277,0
3,182,1278,0
3,182,1279,0
3,182,1280,0
3,182,1281,0
3,182,1282,0
3,184,1,0
3,184,2,0
3,184,3,0
3,184,4,0
3,184,5,0
3,184,6,0
3,184,7,0
3,184,8,0
3,184,9,0
3,184,10,0
3,184,11,0
3,184,12,0
3,184,13,0
3,184,14,0
3,184,15,0
3,184,16,0
3,184,17,0
3,184,18,0
3,184,19,0
3,184,20,0
3,184,21,0
3,184,22,0
3,184,23,0
3,184,24,0
3,184,25,0
3,184,26,0
3,184,27,0
3,184,28,0
3,184,29,0
3,184,30,0
3,184,31,0
3,184,32,0
3,184,33,0
3,184,34,0
3,184,35,0
3,184,36,0
3,184,37,0
3,184,38,0
3,184,39,0
3,184,40,0
3,184,41,0
3,184,42,0
3,184,43,0
3,184,44,0
3,184,45,0
3,184,46,0
3,184,47,0
3,184,48,0
3,184,49,0
3,184,50,0
3,184,51,0
3,184,52,0
3,184,53,0
3,184,54,0
3,184,55,0
3,184,56,0
3,184,57,0
3,184,58,0
3,184,59,0
3,184,60,0
3,184,61,0
3,184,62,0
3,184,63,0
3,184,64,0
3,184,65,0
3,184,66,0
3,184,67,0
3,184,68,0
3,184,69,0
3,184,70,0
3,184,71,0
3,184,72,0
3,184,73,0
3,184,74,0
3,184,75,0
3,184,76,0
3,184,77,0
3,184,78,0
3,184,79,0
3,184,80,0
3,184,81,0
3,184,82,0
3,184,83,0
3,184,84,0
3,184,85,0
3,184,86,0
3,184,87,0
3,184,88,0
3,184,89,0
3,184,90,0
3,184,91,0
3,184,92,0
3,184,93,0
3,184,94,0
3,184,95,0
3,184,96,0
3,184,97,0
3,184,98,0
3,184,99,0
3,184,100,0
3,184,101,0
3,184,102,0
3,184,103,0
3,184,104,0
3,184,105,0
3,184,106,0
3,184,107,0
3,184,108,0
3,184,109,0
3,184,110,0
3,184,111,0
3,184,112,0
3,184,113,0
3,184,114,0
3,184,115,0
3,184,116,0
3,184,117,0
3,184,118,0
3,184,119,0
3,184,120,0
3,184,121,0
3,184,122,0
3,184,123,0
3,184,124,0
3,184,125,0
3,184,126,0
3,184,127,0
3,184,128,0
3,184,129,0
3,184,130,0
3,184,131,0
3,184,132,0
3,184,133,0
3,184,134,0
3,184,135,0
3,184,136,0
3,184,137,0
3,184,138,0
3,184,139,0
3,184,140,0
3,184,141,0
3,184,142,0
3,184,143,0
3,184,144,0
3,184,145,0
3,184,146,0
3,184,147,0
3,184,148,0
3,184,149,0
3,184,150,0
3,184,151,0
3,184,152,0
3,184,153,0
3,184,154,0
3,184,155,0
3,184,156,0
3,184,157,0
3,184,158,0
3,184,159,0
3,184,160,0
3,184,161,0
3,184,162,0
3,184,163,0
3,184,164,0
3,184,165,0
3,184,166,0
3,184,167,0
3,184,168,0
3,184,169,0
3,184,170,0
3,184,171,0
3,184,172,0
3,184,173,0
3,184,174,0
3,184,175,0
3,184,176,0
3,184,177,0
3,184,178,0
3,184,179,0
3,184,180,0
3,184,181,0
3,184,182,0
3,184,183,0
3,184,184,0
3,184,185,0
3,184,186,0
3,184,187,0
3,184,188,0
3,184,189,0
3,184,190,0
3,184,191,0
3,184,192,0
3,184,193,0
3,184,194,0
3,184,195,0
3,184,196,0
3,184,197,0
3,184,198,0
3,184,199,0
3,184,200,0
3,184,201,0
3,184,202,0
3,184,203,0
3,184,204,0
3,184,205,0
3,184,206,0
3,184,207,0
3,184,208,0
3,184,209,0
3,184,210,0
3,184,211,0
3,184,212,0
3,184,213,0
3,184,214,0
3,184,215,0
3,184,216,0
3,184,217,0
3,184,218,0
3,184,219,0
3,184,220,0
3,184,221,0
3,184,222,0
3,184,223,0
3,184,224,0
3,184,225,0
3,184,226,0
3,184,227,0
3,184,228,0
3,184,229,0
3,184,230,0
3,184,231,0
3,184,232,0
3,184,233,0
3,184,234,0
3,184,235,0
3,184,236,0
3,184,237,0
3,184,238,0
3,184,239,0
3,184,240,0
3,184,241,0
3,184,242,0
3,184,243,0
3,184,244,0
3,184,245,0
3,184,246,0
3,184,247,0
3,184,248,0
3,184,249,0
3,184,250,0
3,184,251,0
3,184,252,0
3,184,253,0
3,184,254,0
3,184,255,0
3,184,256,0
3,184,257,0
3,184,258,0
3,184,259,0
3,184,260,0
3,184,261,0
3,184,262,0
3,184,263,0
3,184,264,0
3,184,265,0
3,184,266,0
3,184,267,0
3,184,268,0
3,184,269,0
3,184,270,0
3,184,271,0
3,184,272,0
3,184,273,0
3,184,274,0
3,184,275,0
3,184,276,0
3,184,277,0
3,184,278,0
3,184,279,0
3,184,280,0
3,184,281,0
3,184,282,0
3,184,283,0
3,184,284,0
3,184,285,0
3,184,286,0
3,184,287,0
3,184,288,0
3,184,289,0
3,184,290,0
3,184,291,0
3,184,292,0
3,184,293,0
3,184,294,0
3,184,295,0
3,184,296,0
3,184,297,0
3,184,298,0
3,184,299,0
3,184,300,0
3,184,301,0
3,184,302,0
3,184,303,0
3,184,304,0
3,184,305,0
3,184,306,0
3,184,307,0
3,184,308,0
3,184,309,0
3,184,310,0
3,184,311,0
3,184,312,0
3,184,313,0
3,184,314,0
3,184,315,0
3,184,316,0
3,184,317,0
3,184,318,0
3,184,319,0
3,184,320,0
3,184,321,0
3,184,322,0
3,184,323,0
3,184,324,0
3,184,325,0
3,184,326,0
3,184,327,0
3,184,328,0
3,184,329,0
3,184,330,0
3,184,331,0
3,184,332,0
3,184,333,0
3,184,334,0
3,184,335,0
3,184,336,0
3,184,337,0
3,184,338,0
3,184,339,0
3,184,340,0
3,184,341,0
3,184,342,0
3,184,343,0
3,184,344,0
3,184,345,0
3,184,346,0
3,184,347,0
3,184,348,0
3,184,349,0
3,184,350,0
3,184,351,0
3,184,352,0
3,184,353,0
3,184,354,0
3,184,355,0
3,184,356,0
3,184,357,0
3,184,358,0
3,184,359,0
3,184,360,0
3,184,361,0
3,184,362,0
3,184,363,0
3,184,364,0
3,184,365,0
3,184,366,0
3,184,367,0
3,184,368,0
3,184,369,0
3,184,370,0
3,184,371,0
3,184,372,0
3,184,373,0
3,184,374,0
3,184,375,0
3,184,376,0
3,184,377,0
3,184,378,0
3,184,379,0
3,184,380,0
3,184,381,0
3,184,382,0
3,184,383,0
3,184,384,0
3,184,385,0
3,184,386,0
3,184,387,0
3,184,388,0
3,184,389,0
3,184,390,0
3,184,391,0
3,184,392,0
3,184,393,0
3,184,394,0
3,184,395,0
3,184,396,0
3,184,397,0
3,184,398,0
3,184,399,0
3,184,400,0
3,184,401,0
3,184,402,0
3,184,403,0
3,184,404,0
3,184,405,0
3,184,406,0
3,184,407,0
3,188,1,0
3,188,2,0
3,188,3,0
3,188,4,0
3,188,5,0
3,188,6,0
3,188,7,0
3,188,8,0
3,188,9,0
3,188,10,0
3,188,11,0
3,188,12,0
3,188,13,0
3,188,14,0
3,188,15,0
3,188,16,0
3,188,17,0
3,188,18,0
3,188,19,0
3,188,20,0
3,188,21,0
3,188,22,0
3,188,23,0
3,188,24,0
5,190,1,0
5,190,2,0
5,190,3,0
5,190,4,0
5,190,5,0
5,190,6,0
5,190,7,0
5,190,8,0
5,190,9,0
5,190,10,0
5,190,11,0
5,190,12,0
5,190,13,0
5,190,14,0
5,190,15,0
5,190,16,0
5,190,17,0
5,190,18,0
5,190,19,0
5,190,20,0
5,190,21,0
5,190,22,0
5,190,23,0
5,190,24,0
5,190,25,0
5,190,26,0
5,190,27,0
5,190,28,0
5,190,29,0
5,190,30,0
5,190,31,0
5,190,32,0
5,190,33,0
5,190,34,0
5,190,35,0
5,190,36,0
5,190,37,0
5,190,38,0
5,190,39,0
5,190,40,0
5,190,41,0
5,190,42,0
5,190,43,0
5,190,44,0
5,190,45,0
5,190,46,0
5,190,47,0
5,190,48,0
5,190,49,0
5,190,50,0
5,190,51,0
5,190,52,0
5,190,53,0
5,190,54,0
5,190,55,0
