sch_code,p_id,hh_id,cbg_id
450348000060,2,123,3
450348000060,37988,0,0
450348000060,37989,0,0
450348000060,37990,0,0
450348000060,2,143,130
450348000060,37991,0,0
450348000060,37992,0,0
450348000060,37993,0,0
450348000060,1,501,152
450348000060,37994,0,0
450348000060,1,453,33
450348000060,37995,0,0
450348000060,37996,0,0
450348000060,37997,0,0
450348000060,37998,0,0
450348000060,37999,0,0
450348000060,38000,0,0
450348000060,38001,0,0
450348000060,2,551,151
450348000060,1,781,76
450348000983,2,552,152
450348000983,1,245,151
450348000983,1,276,1
450348000983,38523,0,0
450348000983,1,151,117
450348000983,38524,0,0
450348000983,1,0,94
450348000983,38525,0,0
450348000983,1,49,94
450348000983,2,310,164
450348000983,2,764,135
450348000983,1,188,127
450348000983,1,358,135
450348000983,1,257,33
450348000983,38526,0,0
450348000983,38527,0,0
450348000983,1,236,189
450348000983,38528,0,0
450348000983,38529,0,0
450348000983,1,306,32
450348000983,2,998,3
450348000983,38530,0,0
450348000983,38531,0,0
450348000983,38532,0,0
450348000983,38533,0,0
450348000983,2,743,127
450348000983,1,385,3
450348000983,2,294,15
450348000983,2,342,80
450348000983,2,423,3
450348000983,1,258,174
450348000983,1,53,3
450348000983,2,964,165
450348000983,38534,0,0
450348000983,38535,0,0
450348000983,38536,0,0
450348000983,1,429,9
450348000983,2,120,152
450348000983,38537,0,0
450348000983,38538,0,0
450348000983,2,407,152
450348000983,2,374,159
450348000983,38539,0,0
450348000983,1,75,54
450348000983,38540,0,0
450348000983,1,359,148
450348000983,38541,0,0
450348000983,1,56,179
450348000983,38542,0,0
450348000983,2,265,179
450348000983,38543,0,0
450348000983,38544,0,0
450348000984,2,173,94
450348000984,3,815,75
450348000984,38667,0,0
450348000984,2,306,100
450348000984,1,269,54
450348000984,1,46,42
450348000984,1,159,152
450348000984,38668,0,0
450348000984,2,24,117
450348000984,38669,0,0
450348000984,38670,0,0
450348000984,38671,0,0
450348000984,1,350,100
450348000984,38672,0,0
450348000984,38673,0,0
450348000984,2,88,152
450348000984,1,381,77
450348000984,38674,0,0
450348000984,38675,0,0
450348000984,2,16,131
450348000984,1,201,54
450348000984,2,184,179
450348000984,38676,0,0
450348000984,1,712,25
450348000984,38677,0,0
450348000984,38678,0,0
450348000984,38679,0,0
450348000984,38680,0,0
450348000984,38681,0,0
450348000984,38682,0,0
450348000984,38683,0,0
450348000985,1,755,192
450348000985,39054,0,0
450348000985,39055,0,0
450348000985,3,268,135
450348000985,39056,0,0
450348000985,1,248,135
450348000985,2,59,6
450348000985,1,215,174
450348000985,39057,0,0
450348000985,1,302,127
450348000985,1,573,135
450348000985,1,247,54
450348000985,39058,0,0
450348000985,39059,0,0
450348000985,3,11,26
450348000985,1,104,94
450348000985,39060,0,0
450348000985,39061,0,0
450348000985,1,366,82
450348000985,1,566,30
450348000985,2,37,73
450348000985,39062,0,0
450348000985,1,19,98
450348000985,1,292,68
450348000985,1,160,66
450348000985,1,332,118
450348000985,39063,0,0
450348000985,39064,0,0
450348000985,1,26,11
450348000985,39065,0,0
450348000985,146,0,38
450348000985,39066,0,0
450348000986,1,789,78
450348000986,39030,0,0
450348000986,1,199,88
450348000986,2,174,33
450348000986,1,218,33
450348000986,39031,0,0
450348000986,3,584,94
450348000986,2,585,187
450348000986,39032,0,0
450348000986,2,274,23
450348000986,2,200,105
450348000986,39033,0,0
450348000986,39034,0,0
450348000986,39035,0,0
450348000986,2,333,44
450348000986,1,540,27
450348000986,1,351,100
450348000986,2,323,92
450348000986,39036,0,0
450348000986,1,191,41
450348000986,1,218,25
450348000986,39037,0,0
450348000986,1,389,80
450348000986,39038,0,0
450348000986,1,255,94
450348000986,1,169,3
450348000986,2,354,94
450348000986,39039,0,0
450348000986,1,281,119
450348000986,2,208,43
450348000986,39040,0,0
450348000986,2,177,141
450348000986,39041,0,0
450348000986,39042,0,0
450348000986,2,884,165
450348000987,38545,0,0
450348000987,38546,0,0
450348000987,2,48,70
450348000987,3,127,33
450348000987,1,99,130
450348000987,2,92,168
450348000987,1,291,95
450348000987,2,633,71
450348000987,2,61,164
450348000987,2,191,164
450348000987,2,752,174
450348000987,38547,0,0
450348000987,38548,0,0
450348000987,1,40,33
450348000987,2,206,110
450348000987,38549,0,0
450348000987,38550,0,0
450348000987,38551,0,0
450348000987,38552,0,0
450348000987,1,739,5
450348000987,1,201,152
450348000987,131,0,111
450348000987,38553,0,0
450348000987,1,322,117
450348000987,38554,0,0
450348000987,38555,0,0
450348000987,3,340,164
450348000987,1,467,168
450348000987,1,447,33
450348000988,2,216,77
450348000988,2,523,5
450348000988,1,15,134
450348000988,3,433,170
450348000988,2,506,3
450348000988,1,224,100
450348000988,1,33,69
450348000988,1,723,5
450348000988,1,397,80
450348000988,38684,0,0
450348000988,1,534,31
450348000988,38685,0,0
450348000988,2,843,71
450348000988,1,646,94
450348000988,2,25,39
450348000988,6,245,51
450348000988,38686,0,0
450348000988,38687,0,0
450348000988,38688,0,0
450348000988,2,202,135
450348000988,1,96,1
450348000988,38689,0,0
450348000988,1,921,3
450348000988,2,667,71
450348000988,1,25,132
450348000988,1,41,130
450348000988,38690,0,0
450348000988,1,81,174
450348000988,1,552,127
450348000988,1,33,175
450348000988,38691,0,0
450348000988,2,328,161
450348000988,38692,0,0
450348000988,2,446,33
450348000988,1,19,80
450348000988,2,167,9
450348000988,1,111,95
450348000988,2,354,157
450348000988,1,142,187
450348000988,38693,0,0
450348000988,38694,0,0
450348000988,1,424,80
450348000988,2,262,192
450348000988,1,361,165
450348000988,1,76,76
450348000988,1,842,95
450348000988,1,650,3
450348000988,38695,0,0
450348000988,2,1069,137
450348000988,38696,0,0
450348000988,2,85,191
450348000988,38697,0,0
450348000988,1,619,165
450348000988,1,306,26
450348000988,38698,0,0
450348000988,38699,0,0
450348000988,1,412,3
450348000988,38700,0,0
450348000988,38701,0,0
450348000988,38702,0,0
450348000988,38703,0,0
450348000988,1,442,137
450348000989,38889,0,0
450348000989,1,42,12
450348000989,38890,0,0
450348000989,1,231,110
450348000989,38891,0,0
450348000989,1,66,13
450348000989,38892,0,0
450348000989,1,111,151
450348000989,1,26,3
450348000989,38893,0,0
450348000989,1,127,26
450348000989,38894,0,0
450348000989,1,222,100
450348000989,38895,0,0
450348000989,2,257,179
450348000989,3,475,151
450348000989,38896,0,0
450348000989,38897,0,0
450348000989,1,202,94
450348000989,2,165,135
450348000989,2,224,124
450348000989,38898,0,0
450348000989,1,231,174
450348000989,1,488,152
450348000989,38899,0,0
450348000989,38900,0,0
450348000989,1,416,71
450348000989,38901,0,0
450348000989,1,742,168
450348000989,38902,0,0
450348000989,38903,0,0
450348000989,38904,0,0
450348000989,1,659,3
450348000989,1,309,9
450348000989,38905,0,0
450348000989,1,299,92
450348000989,1,564,151
450348000989,1,64,151
450348000989,2,340,100
450348000989,1,215,128
450348000989,38906,0,0
450348000989,2,155,169
450348000989,2,213,151
450348000990,1,546,76
450348000990,3,249,130
450348000990,2,1779,192
450348000990,39019,0,0
450348000990,2,442,128
450348000990,39020,0,0
450348000990,2,579,151
450348000990,1,288,37
450348000990,1,93,3
450348000990,39021,0,0
450348000990,39022,0,0
450348000990,1,127,168
450348000990,39023,0,0
450348000990,2,130,164
450348000990,1,45,174
450348000990,39024,0,0
450348000990,39025,0,0
450348000990,2,803,164
450348000990,1,353,3
450348000990,39026,0,0
450348000990,39027,0,0
450348000990,1,397,152
450348000990,2,605,185
450348000990,1,438,117
450348000990,2,273,76
450348000990,39028,0,0
450348000990,2,317,172
450348000990,2,408,130
450348000990,39029,0,0
450348000990,1,334,133
450348000990,1,226,179
450348000990,1,318,80
450348001475,2,974,3
450348001475,2,115,168
450348001475,37845,0,0
450348001475,37846,0,0
450348001475,2,959,75
450348001475,2,1260,192
450348001475,37847,0,0
450348001475,2,109,165
450348001475,37848,0,0
450348001475,37849,0,0
450348001475,1,1004,3
450348001475,37850,0,0
450348001475,2,402,32
450348001475,1,132,24
450348001475,2,502,77
450348001475,1,480,174
450348001475,2,376,92
450348001475,2,716,147
450348001475,2,295,191
450348001475,1,111,57
450348001475,1,59,82
450348001475,2,911,3
450348001475,37851,0,0
450351000146,1,255,2
450351000146,1,210,22
450351000146,1,524,111
450351000146,2,269,95
450351000146,37648,0,0
450351000146,2,23,1
450351000146,2,40,159
450351000146,2,522,124
450351000146,1,64,76
450351000146,1,410,16
450351000146,2,250,185
450351000146,2,580,76
450351000146,2,712,5
450351000146,2,761,127
450351000146,37649,0,0
450351000146,1,378,18
450351000146,2,333,95
450351000146,2,530,151
450351000146,1,36,165
450351000146,2,17,95
450351000146,37650,0,0
450351000146,1,306,95
450351000146,1,604,181
450351000146,1,282,108
450351000146,37651,0,0
450351000146,37652,0,0
450351000146,2,131,13
450351000146,37653,0,0
450351000146,2,120,6
450351000937,1,469,17
450351000937,2,432,16
450351000937,2,65,191
450351000937,1,130,21
450351000937,1,143,175
450351000937,2,54,6
450351000937,1,276,135
450351000937,2,568,75
450351000937,38998,0,0
450351000937,38999,0,0
450351000937,39000,0,0
450351000937,1,163,141
450351000937,39001,0,0
450351000937,39002,0,0
450351000937,1,643,189
450351000937,39003,0,0
450351000937,1,31,122
450351000937,2,854,76
450351000937,2,619,191
450351000937,2,706,71
450351000937,1,482,76
450351000937,39004,0,0
450351000937,2,345,98
450351000937,39005,0,0
450351000937,1,837,76
450351000937,2,1187,75
450351000937,1,107,73
450351000937,1,580,75
450351000937,39006,0,0
450351000937,3,917,76
450351000937,39007,0,0
450351000937,39008,0,0
450351000937,2,618,77
450351000937,1,50,19
450351000937,2,394,51
450351000938,2,18,33
450351000938,1,245,6
450351000938,38704,0,0
450351000938,1,268,122
450351000938,38705,0,0
450351000938,2,277,165
450351000938,2,887,161
450351000938,38706,0,0
450351000938,38707,0,0
450351000938,1,524,3
450351000938,38708,0,0
450351000938,3,476,191
450351000938,1,829,95
450351000938,38709,0,0
450351000938,1,231,175
450351000938,1,721,71
450351000938,1,25,16
450351000938,38710,0,0
450351000938,2,122,80
450351000938,1,137,33
450351000938,38711,0,0
450351000938,4,63,110
450351000938,38712,0,0
450351000938,2,554,151
450351000938,38713,0,0
450351000938,38714,0,0
450351000938,2,312,191
450351000938,38715,0,0
450351000938,1,135,70
450351000938,1,261,76
450351000938,38716,0,0
450351000938,2,610,95
450351000938,122,0,111
450351000938,38717,0,0
450351000938,2,659,172
450351000938,1,247,132
450351000938,1,242,47
450351000938,2,887,95
450351000992,1,731,127
450351000992,59,0,184
450351000992,37923,0,0
450351000992,1,9,14
450351000992,37924,0,0
450351000992,1,490,75
450351000992,37925,0,0
450351000992,2,246,22
450351000992,53,0,184
450351000992,3,149,168
450351000992,37926,0,0
450351000992,37927,0,0
450351000992,1,574,31
450351000992,2,260,130
450351000992,2,137,71
450351000992,37928,0,0
450351000992,2,276,48
450351000992,1,337,71
450351000992,3,1495,75
450351000992,37929,0,0
450351000992,2,226,80
450351000992,1,608,95
450351000992,1,630,75
450351000992,1,444,41
450351000992,2,378,178
450351000992,1,52,6
450351000992,37930,0,0
450351000992,1,688,76
450351000992,37931,0,0
450351000992,2,726,56
450351000992,1,194,42
450351000992,37932,0,0
450351000992,1,555,95
450351000992,258,0,182
450351000992,3,269,76
450351000992,2,680,95
450351000992,37933,0,0
450351000992,1,389,164
450351000992,1,626,5
450351000992,2,285,25
450351000992,37934,0,0
450351000992,1,384,187
450351000992,37935,0,0
450351000992,2,353,66
450351000992,1,363,130
450351000992,1,578,168
450351000992,37936,0,0
450351000992,37937,0,0
450351000992,1,401,95
450351000992,1,664,180
450351000992,1,67,33
450351000994,37743,0,0
450351000994,1,77,22
450351000994,37744,0,0
450351000994,37745,0,0
450351000994,1,556,175
450351000994,37746,0,0
450351000994,37747,0,0
450351000994,2,820,92
450351000994,4,193,110
450351000994,37748,0,0
450351000994,37749,0,0
450351000994,37750,0,0
450351000994,3,51,1
450351000994,1,1262,192
450351000994,37751,0,0
450351000994,3,167,127
450351000994,37752,0,0
450351000994,1,394,168
450351000994,2,1368,95
450351000994,37753,0,0
450351000994,2,168,14
450351000994,1,8,110
450351000994,1,21,41
450351000994,2,289,159
450351000994,37754,0,0
450351000994,1,170,110
450351000994,37755,0,0
450351000994,1,83,116
450351000994,37756,0,0
450351000994,37757,0,0
450351000994,37758,0,0
450351000994,1,514,71
450351000994,37759,0,0
450351000994,1,234,159
450351000994,37760,0,0
450351000994,37761,0,0
450351000994,37762,0,0
450351000994,37763,0,0
450351000994,2,64,159
450351000995,2,96,5
450351000995,2,20,110
450351000995,1,511,41
450351000995,37610,0,0
450351000995,1,667,180
450351000995,1,252,163
450351000995,1,377,85
450351000995,37611,0,0
450351000995,1,170,71
450351000995,37612,0,0
450351000995,37613,0,0
450351000995,2,152,132
450351000995,1,305,11
450351000995,2,210,5
450351000995,1,1,27
450351000995,2,703,22
450351000995,2,265,71
450351000995,1,278,43
450351000995,1,188,78
450351000995,1,401,48
450351000995,1,78,152
450351000995,1,392,180
450351000996,2,402,48
450351000996,1,349,127
450351000996,2,54,132
450351000996,37631,0,0
450351000996,1,412,70
450351000996,2,153,77
450351000996,37632,0,0
450351000996,2,1367,137
450351000996,2,804,25
450351000996,1,192,138
450351000996,37633,0,0
450351000996,1,482,192
450351000996,1,646,27
450351000996,1,396,21
450351000996,2,351,130
450351000996,1,187,4
450351000996,3,201,106
450351000996,37634,0,0
450351000996,37635,0,0
450351000996,1,240,124
450351000996,37636,0,0
450351000996,37637,0,0
450351000996,1,343,175
450351000996,37638,0,0
450351000996,37639,0,0
450351000996,37640,0,0
450351000996,2,114,155
450351000996,37641,0,0
450351000996,37642,0,0
450351000996,37643,0,0
450351000996,1,1698,192
450351000996,1,578,164
450351000996,1,411,22
450351000996,2,160,110
450351000996,37644,0,0
450351000996,37645,0,0
450351000996,1,495,41
450351000996,1,398,46
450351000996,1,378,159
450351000996,2,180,132
450351000996,1,1320,95
450351000996,1,238,158
450351000996,37646,0,0
450351000996,37647,0,0
450351000998,37687,0,0
450351000998,37688,0,0
450351000998,1,651,180
450351000998,37689,0,0
450351000998,37690,0,0
450351000998,37691,0,0
450351000998,2,456,22
450351000998,1,567,191
450351000998,37692,0,0
450351000998,37693,0,0
450351000998,1,1077,192
450351000998,1,653,159
450351000998,37694,0,0
450351000998,130,0,38
450351000998,37695,0,0
450351000998,2,185,84
450351000998,37696,0,0
450351000998,37697,0,0
450351000998,37698,0,0
450351001000,2,48,33
450351001000,1,529,168
450351001000,1,450,111
450351001000,38586,0,0
450351001000,38587,0,0
450351001000,38588,0,0
450351001000,38589,0,0
450351001000,1,221,118
450351001000,1,240,72
450351001000,38590,0,0
450351001000,2,235,168
450351001000,1,324,76
450351001000,1,844,76
450351001000,38591,0,0
450351001000,38592,0,0
450351001000,2,376,71
450351001000,38593,0,0
450351001000,1,394,98
450351001000,1,686,161
450351001000,38594,0,0
450351001000,38595,0,0
450351001000,38596,0,0
450351001000,38597,0,0
450351001000,2,145,11
450351001000,2,373,165
450351001000,38598,0,0
450351001000,1,413,80
450351001000,1,251,71
450351001000,38599,0,0
450351001000,38600,0,0
450351001000,38601,0,0
450351001000,3,186,158
450351001000,2,274,76
450351001000,38602,0,0
450351001000,2,390,75
450351001000,1,419,41
450351001000,38603,0,0
450351001000,38604,0,0
450351001000,38605,0,0
450351001000,38606,0,0
450351001000,38607,0,0
450351001000,38608,0,0
450351001000,38609,0,0
450351001000,38610,0,0
450351001000,1,646,122
450351001000,38611,0,0
450351001000,38612,0,0
450351001000,38613,0,0
450351001000,38614,0,0
450351001000,1,16,1
450351001000,38615,0,0
450351001000,2,494,130
450351001000,1,426,175
450351001000,2,95,165
450351001000,38616,0,0
450351001000,38617,0,0
450351001000,1,139,22
450351001000,1,515,5
450351001000,38618,0,0
450351001000,38619,0,0
450351001000,38620,0,0
450351001000,2,1301,95
450351001000,1,1331,75
450351001000,1,229,175
450351001000,1,785,75
450351001000,1,674,124
450351001000,38621,0,0
450351001000,38622,0,0
450351001000,1,1,110
450351001000,38623,0,0
450351001000,2,240,163
450351001000,1,560,27
450351001000,38624,0,0
450351001000,2,528,95
450351001000,1,18,6
450351001000,2,660,71
450351001000,2,204,12
450351001000,38625,0,0
450351001000,1,312,94
450351001000,38626,0,0
450351001000,1,524,159
450351001000,38627,0,0
450351001000,38628,0,0
450351001000,2,156,159
450351001000,38629,0,0
450351001000,38630,0,0
450351001000,38631,0,0
450351001000,38632,0,0
450351001000,38633,0,0
450351001000,2,773,95
450351001000,38634,0,0
450351001000,38635,0,0
450351001000,38636,0,0
450351001000,38637,0,0
450351001000,38638,0,0
450351001000,38639,0,0
450351001000,1,746,95
450351001000,38640,0,0
450351001000,2,520,130
450351001000,38641,0,0
450351001001,38235,0,0
450351001001,38236,0,0
450351001001,38237,0,0
450351001001,38238,0,0
450351001001,1,192,9
450351001001,38239,0,0
450351001001,38240,0,0
450351001001,38241,0,0
450351001001,2,384,180
450351001001,38242,0,0
450351001001,38243,0,0
450351001001,1,335,191
450351001001,38244,0,0
450351001001,2,216,84
450351001001,38245,0,0
450351001001,38246,0,0
450351001001,2,21,76
450351001001,38247,0,0
450351001001,38248,0,0
450351001001,38249,0,0
450351001001,38250,0,0
450351001001,38251,0,0
450351001001,2,146,5
450351001001,38252,0,0
450351001001,38253,0,0
450351001001,38254,0,0
450351001001,1,246,148
450351001001,38255,0,0
450351001001,3,391,5
450351001001,38256,0,0
450351001001,38257,0,0
450351001001,38258,0,0
450351001001,1,557,41
450351001001,1,268,41
450351001001,38259,0,0
450351001001,38260,0,0
450351001001,1,981,3
450351001001,2,395,71
450351001001,1,81,95
450351001001,38261,0,0
450351001001,38262,0,0
450351001001,38263,0,0
450351001001,38264,0,0
450351001001,1,87,180
450351001001,2,105,191
450351001001,4,528,168
450351001001,1,182,1
450351001001,38265,0,0
450351001002,1,406,71
450351001002,2,578,164
450351001002,1,92,71
450351001002,1,55,95
450351001002,1,1078,75
450351001002,1,401,175
450351001002,2,738,154
450351001002,37724,0,0
450351001002,1,192,187
450351001002,2,861,3
450351001002,37725,0,0
450351001002,2,423,33
450351001002,37726,0,0
450351001002,3,22,43
450351001002,1,253,1
450351001002,37727,0,0
450351001002,2,303,5
450351001002,2,182,119
450351001002,1,784,31
450351001002,1,307,27
450351001002,1,496,41
450351001002,2,277,87
450351001002,37728,0,0
450351001002,1,174,192
450351001002,2,485,121
450351001002,1,427,12
450351001002,37729,0,0
450351001002,2,162,23
450351001002,2,1016,187
450351001002,3,347,124
450351001002,37730,0,0
450351001002,2,646,76
450351001002,1,677,185
450351001002,37731,0,0
450351001002,1,167,9
450351001002,1,210,168
450351001002,1,713,28
450351001002,2,362,22
450351001002,1,1462,75
450351001002,1,214,77
450351001002,1,208,6
450351001002,37732,0,0
450351001002,1,143,189
450351001002,37733,0,0
450351001002,37734,0,0
450351001002,37735,0,0
450351001002,1,515,92
450351001002,2,753,17
450351001002,1,142,111
450351001002,37736,0,0
450351001002,37737,0,0
450351001002,2,1117,95
450351001002,2,755,111
450351001002,1,492,3
450351001002,1,484,174
450351001002,2,534,130
450351001002,37738,0,0
450351001002,1,706,71
450351001002,2,474,5
450351001002,37739,0,0
450351001002,2,404,130
450351001002,1,1093,75
450351001002,37740,0,0
450351001002,37741,0,0
450351001002,1,1091,75
450351001002,37742,0,0
450351001002,1,91,78
450351001002,1,546,95
450351001002,1,689,95
450351001002,1,654,111
450351001410,38837,0,0
450351001410,38838,0,0
450351001410,1,778,71
450351001410,1,605,95
450351001410,38839,0,0
450351001410,38840,0,0
450351001410,2,640,124
450351001410,1,44,180
450351001410,38841,0,0
450351001410,38842,0,0
450351001410,38843,0,0
450351001410,1,848,3
450351001410,1,100,78
450351001410,38844,0,0
450351001410,2,33,169
450351001410,38845,0,0
450351001410,38846,0,0
450351001410,38847,0,0
450351001410,1,580,76
450351001410,38848,0,0
450351001410,2,156,110
450351001410,38849,0,0
450351001410,2,236,70
450351001410,38850,0,0
450351001410,38851,0,0
450351001410,38852,0,0
450351001410,1,346,71
450351001410,2,709,95
450351001410,38853,0,0
450351001410,38854,0,0
450351001410,2,91,189
450351001410,1,158,110
450351001410,2,295,76
450351001410,38855,0,0
450351001410,38856,0,0
450351001410,2,471,30
450351001410,1,599,127
450351001451,1,873,192
450351001451,2,614,55
450351001451,38169,0,0
450351001451,2,631,159
450351001451,1,383,84
450351001451,38170,0,0
450351001451,38171,0,0
450351001451,38172,0,0
450351001451,2,35,41
450351001451,1,563,27
450351001451,2,162,5
450351001451,38173,0,0
450351001451,38174,0,0
450351001451,38175,0,0
450351001451,38176,0,0
450351001451,38177,0,0
450351001451,1,52,41
450351001451,2,99,37
450351001451,2,247,124
450351001451,2,222,64
450351001451,38178,0,0
450351001451,2,207,1
450351001451,38179,0,0
450351001451,1,124,6
450351001451,38180,0,0
450351001451,38181,0,0
450351001451,38182,0,0
450351001451,38183,0,0
450351001451,38184,0,0
450351001451,1,368,135
450351001451,38185,0,0
450351001451,38186,0,0
450351001451,38187,0,0
450351001451,38188,0,0
450351001451,38189,0,0
450351001451,2,50,118
450351001451,1,174,148
450351001558,1,226,33
450351001558,2,578,180
450351001558,1,46,85
450351001558,1,251,5
450351001558,1,675,17
450351001558,38428,0,0
450351001558,1,738,195
450351001558,38429,0,0
450351001558,38430,0,0
450351001558,2,389,71
450351001558,38431,0,0
450351001558,38432,0,0
450351001558,1,108,128
450351001558,1,198,27
450351001558,38433,0,0
450351001558,2,689,127
450351001558,2,832,165
450351001558,2,540,191
450351001558,1,657,172
450351001558,38434,0,0
450351001558,1,202,76
450351001558,2,1025,137
450351001558,38435,0,0
450351001558,38436,0,0
450351001558,2,160,3
450351001558,1,571,135
450351001558,1,704,71
450351001558,2,35,134
450351001558,2,221,71
450351001558,38437,0,0
450351001558,1,113,171
450351001558,2,563,103
450351001558,38438,0,0
450351001558,38439,0,0
450351001558,1,353,175
450351001558,38440,0,0
450351001558,38441,0,0
450351001558,3,17,26
450351001558,2,162,100
450351001558,2,532,180
450351001558,2,170,110
450351001558,2,226,33
450351001558,1,367,165
450351001558,1,801,95
450351001558,38442,0,0
450351001558,1,2,71
450351001558,2,164,57
450351001558,1,99,175
450351001558,2,167,75
450351001669,37904,0,0
450351001669,37905,0,0
450351001669,37906,0,0
450351001669,37907,0,0
450351001669,37908,0,0
450351001669,37909,0,0
450351001669,1,304,168
450351001669,2,22,141
450351001669,2,714,75
450351001669,37910,0,0
450351001669,1,475,183
450351001669,2,385,37
450351001669,2,231,163
450351001669,37911,0,0
450351001669,37912,0,0
450351001669,37913,0,0
450351001669,37914,0,0
450351001669,37915,0,0
450351001669,37916,0,0
450351001669,2,192,84
450351001669,37917,0,0
450351001669,1,24,4
450351001669,1,199,131
450351001669,1,657,131
450351001669,1,87,92
450351001669,2,13,42
450351001669,1,92,24
450351001669,1,17,142
450351001669,37918,0,0
450351001669,1,522,159
450351001669,37919,0,0
450351001669,6,337,13
450351001669,1,375,66
450351001669,37920,0,0
450351001669,2,180,32
450351001669,37921,0,0
450351001669,37922,0,0
450351001669,1,218,4
450351001669,1,169,190
450354001003,38318,0,0
450354001003,38319,0,0
450354001003,38320,0,0
450354001003,1,428,37
450354001003,38321,0,0
450354001003,1,49,181
450354001003,38322,0,0
450354001003,2,25,84
450354001003,2,143,127
450354001003,1,936,195
450354001003,2,705,56
450354001003,1,1490,75
450354001003,2,318,85
450354001003,1,404,63
450354001003,2,498,103
450354001003,1,247,70
450354001003,38323,0,0
450354001003,38324,0,0
450354001003,1,117,4
450354001003,2,210,183
450354001003,1,180,11
450354001003,1,550,169
450354001003,2,302,155
450354001003,38325,0,0
450354001003,2,8,132
450354001005,1,260,34
450354001005,2,226,169
450354001005,2,1276,75
450354001005,1,478,76
450354001005,37764,0,0
450354001005,2,712,116
450354001005,1,466,169
450354001005,1,1,71
450354001005,1,67,125
450354001005,37765,0,0
450354001005,1,39,3
450354001005,1,489,180
450354001005,1,376,99
450354001005,1,359,68
450354001005,2,222,108
450354001005,37766,0,0
450354001005,1,302,183
450354001005,37767,0,0
450354001005,1,81,163
450354001005,3,153,192
450354001005,37768,0,0
450354001005,37769,0,0
450354001005,2,441,75
450354001005,2,1090,161
450354001005,1,615,98
450354001005,37770,0,0
450354001005,2,472,3
450354001005,1,723,75
450354001005,2,120,43
450354001005,37771,0,0
450354001005,1,95,155
450354001005,2,83,33
450354001005,1,209,102
450354001005,2,124,194
450354001005,1,353,139
450354001008,38058,0,0
450354001008,1,338,152
450354001008,38059,0,0
450354001008,38060,0,0
450354001008,38061,0,0
450354001008,2,134,151
450354001008,1,86,50
450354001008,1,127,94
450354001008,1,188,126
450354001008,1,212,54
450354001008,1,709,22
450354001008,38062,0,0
450354001008,2,240,130
450354001008,38063,0,0
450354001008,2,634,94
450354001008,38064,0,0
450354001008,2,447,164
450354001008,38065,0,0
450354001008,2,537,152
450354001008,3,365,151
450354001008,1,1381,192
450354001008,38066,0,0
450354001008,38067,0,0
450354001008,2,304,100
450354001008,38068,0,0
450354001008,1,498,152
450354001008,38069,0,0
450354001008,38070,0,0
450354001008,1,757,172
450354001008,38071,0,0
450354001008,2,679,195
450354001008,1,76,118
450354001008,38072,0,0
450354001008,1,688,71
450354001008,1,307,133
450354001008,38073,0,0
450354001009,2,249,99
450354001009,2,557,127
450354001009,2,553,30
450354001009,38101,0,0
450354001009,2,137,163
450354001009,2,372,116
450354001009,38102,0,0
450354001009,1,424,37
450354001009,2,27,105
450354001009,38103,0,0
450354001009,38104,0,0
450354001009,2,262,117
450354001009,38105,0,0
450354001009,2,67,186
450354001009,2,91,169
450354001009,38106,0,0
450354001009,1,243,127
450354001009,38107,0,0
450354001009,38108,0,0
450354001009,1,107,121
450354001009,3,135,181
450354001009,1,330,99
450354001009,38109,0,0
450354001009,1,198,13
450354001009,2,379,116
450354001009,2,179,105
450354001009,1,67,159
450354001009,2,134,108
450354001009,2,88,82
450354001010,1,607,99
450354001010,2,69,46
450354001010,39043,0,0
450354001010,2,122,13
450354001010,1,388,171
450354001010,1,263,163
450354001010,1,336,163
450354001010,2,438,125
450354001010,1,241,37
450354001010,2,187,181
450354001010,2,83,116
450354001010,1,250,152
450354001010,39044,0,0
450354001010,1,177,98
450354001010,2,155,181
450354001010,1,26,13
450354001010,39045,0,0
450354001010,39046,0,0
450354001010,3,251,14
450354001010,3,110,98
450354001010,2,69,37
450354001010,1,35,12
450354001010,1,82,87
450354001010,39047,0,0
450354001010,1,520,132
450354001010,1,469,116
450354001010,1,506,55
450354001010,1,887,161
450354001010,1,452,181
450354001010,39048,0,0
450354001010,39049,0,0
450354001010,1,242,30
450354001010,39050,0,0
450354001010,1,139,106
450354001010,2,221,159
450354001010,1,392,163
450354001010,1,171,125
450354001010,39051,0,0
450354001010,1,1069,95
450354001010,2,274,124
450354001010,39052,0,0
450354001010,1,8,194
450354001010,39053,0,0
450354001010,2,2,30
450354001010,2,1178,192
450354001010,1,87,2
450354001010,1,592,10
450354001011,37677,0,0
450354001011,1,354,16
450354001011,1,515,192
450354001011,2,12,70
450354001011,37678,0,0
450354001011,37679,0,0
450354001011,37680,0,0
450354001011,37681,0,0
450354001011,4,313,32
450354001011,37682,0,0
450354001011,37683,0,0
450354001011,37684,0,0
450354001011,37685,0,0
450354001011,37686,0,0
450354001011,1,168,158
450354001011,1,343,118
450357001012,3,498,81
450357001012,38718,0,0
450357001012,3,876,23
450357001012,2,139,112
450357001012,38719,0,0
450357001012,1,730,7
450357001012,38720,0,0
450357001012,1,508,49
450357001012,38721,0,0
450357001012,38722,0,0
450357001012,2,179,1
450357001012,38723,0,0
450357001012,1,150,153
450357001012,1,360,24
450357001012,38724,0,0
450357001012,2,165,112
450357001012,1,909,132
450357001012,2,137,81
450357001012,1,441,194
450357001012,1,109,103
450357001012,2,173,19
450357001012,1,55,160
450357001012,38725,0,0
450357001012,38726,0,0
450357001012,38727,0,0
450357001012,2,226,88
450357001012,2,229,88
450357001012,38728,0,0
450357001012,2,1051,132
450357001012,38729,0,0
450357001012,1,471,194
450357001012,1,193,121
450357001012,1,1229,177
450357001012,38730,0,0
450357001012,1,431,50
450357001012,2,368,45
450357001012,38731,0,0
450357001012,1,112,112
450357001012,2,11,112
450357001012,38732,0,0
450357001012,1,1153,132
450357001012,1,646,121
450357001012,1,1,55
450357001012,38733,0,0
450357001012,38734,0,0
450357001012,1,728,121
450357001012,1,412,112
450357001012,38735,0,0
450357001012,1,34,112
450357001013,1,6,88
450357001013,1,306,73
450357001013,38511,0,0
450357001013,1,47,2
450357001013,1,289,11
450357001013,1,1178,192
450357001013,38512,0,0
450357001013,38513,0,0
450357001013,2,626,25
450357001013,38514,0,0
450357001013,38515,0,0
450357001013,1,502,194
450357001013,38516,0,0
450357001013,3,60,45
450357001013,38517,0,0
450357001013,1,115,7
450357001013,2,965,10
450357001013,1,450,51
450357001013,2,138,56
450357001013,1,240,88
450357001013,2,116,134
450357001013,1,408,125
450357001013,1,207,45
450357001013,1,453,112
450357001013,38518,0,0
450357001013,1,290,119
450357001013,2,180,121
450357001013,3,331,56
450357001013,1,134,45
450357001013,1,332,112
450357001013,2,59,45
450357001013,1,28,153
450357001013,38519,0,0
450357001013,38520,0,0
450357001013,38521,0,0
450357001013,38522,0,0
450357001013,1,830,147
450357001013,1,154,45
450357001014,1,395,194
450357001014,2,767,132
450357001014,38857,0,0
450357001014,38858,0,0
450357001014,2,544,11
450357001014,2,1392,75
450357001014,38859,0,0
450357001014,1,297,81
450357001014,2,810,95
450357001014,1,353,119
450357001014,1,443,112
450357001014,38860,0,0
450357001014,1,121,112
450357001014,38861,0,0
450357001014,38862,0,0
450357001014,1,410,163
450357001014,1,49,112
450357001014,4,804,16
450357001014,2,324,112
450357001014,2,125,88
450357001014,1,273,94
450357001014,2,430,11
450357001014,38863,0,0
450357001014,38864,0,0
450357001014,38865,0,0
450357001014,1,22,69
450357001014,1,232,112
450357001014,2,149,81
450357001014,38866,0,0
450357001014,1,116,81
450357001014,38867,0,0
450357001014,38868,0,0
450357001014,38869,0,0
450357001014,2,328,103
450357001014,38870,0,0
450357001014,38871,0,0
450357001014,1,712,174
450357001014,38872,0,0
450357001014,2,988,177
450357001014,1,45,81
450357001015,38789,0,0
450357001015,2,438,153
450357001015,1,181,167
450357001015,38790,0,0
450357001015,38791,0,0
450357001015,38792,0,0
450357001015,1,244,45
450357001015,2,118,10
450357001015,38793,0,0
450357001015,2,502,194
450357001015,2,689,132
450357001015,38794,0,0
450357001015,38795,0,0
450357001015,1,495,131
450357001015,38796,0,0
450357001015,2,102,45
450357001015,1,1629,177
450357001015,38797,0,0
450357001015,2,121,4
450357001015,2,346,22
450357001015,38798,0,0
450357001015,1,562,56
450357001015,38799,0,0
450357001015,2,274,88
450357001015,38800,0,0
450357001015,2,429,127
450357001015,38801,0,0
450357001015,38802,0,0
450357001015,38803,0,0
450357001015,1,500,157
450357001015,2,219,56
450357001015,2,216,160
450357001015,1,29,112
450357001015,38804,0,0
450357001015,38805,0,0
450357001015,38806,0,0
450357001015,1,8,10
450357001015,38807,0,0
450357001015,1,13,16
450357001015,38808,0,0
450357001015,38809,0,0
450357001015,38810,0,0
450357001015,38811,0,0
450357001015,38812,0,0
450357001015,1,110,88
450360000209,1,769,192
450360000209,2,509,94
450360000209,1,197,177
450360000209,1,577,25
450360000209,2,208,23
450360000209,2,427,30
450360000209,2,315,140
450360000209,1,268,1
450360000209,1,280,78
450360000209,37699,0,0
450360000209,2,446,153
450360000209,1,281,56
450360000209,1,856,44
450360000209,1,49,69
450360000209,1,235,92
450360000209,1,101,24
450360000209,37700,0,0
450360000209,1,815,69
450360000209,2,1245,137
450360000209,1,57,23
450360000209,1,353,56
450360000209,2,536,10
450360000209,37701,0,0
450360000209,37702,0,0
450360000209,1,702,22
450360000209,2,515,94
450360000209,37703,0,0
450360000209,1,71,66
450360000209,37704,0,0
450360000209,37705,0,0
450360000209,2,111,46
450360000209,37706,0,0
450360000209,1,574,49
450360000209,37707,0,0
450360000209,1,420,169
450360000209,37708,0,0
450360000209,37709,0,0
450360000209,37710,0,0
450360000209,37711,0,0
450360000209,2,597,92
450360000209,37712,0,0
450360000209,37713,0,0
450360000209,1,725,31
450360000209,37714,0,0
450360000209,37715,0,0
450360000209,37716,0,0
450360000209,37717,0,0
450360000209,37718,0,0
450360000209,37719,0,0
450360000209,37720,0,0
450360000209,37721,0,0
450360000209,37722,0,0
450360000209,37723,0,0
450360000253,38110,0,0
450360000253,2,246,127
450360000253,38111,0,0
450360000253,38112,0,0
450360000253,38113,0,0
450360000253,38114,0,0
450360000253,38115,0,0
450360000253,38116,0,0
450360000253,38117,0,0
450360000253,38118,0,0
450360000253,1,160,95
450360000253,38119,0,0
450360000253,38120,0,0
450360000253,38121,0,0
450360000253,38122,0,0
450360000253,38123,0,0
450360000253,1,541,98
450360000253,38124,0,0
450360000253,1,182,164
450360000253,38125,0,0
450360000253,38126,0,0
450360000253,2,128,146
450360000253,38127,0,0
450360000253,38128,0,0
450360000253,38129,0,0
450360000253,1,88,174
450360000253,38130,0,0
450360000253,38131,0,0
450360000253,38132,0,0
450360000253,1,1153,192
450360000253,1,60,195
450360000253,38133,0,0
450360000253,1,337,43
450360000253,1,924,23
450360000253,2,416,124
450360000253,2,133,12
450360000253,38134,0,0
450360000253,38135,0,0
450360000253,38136,0,0
450360000253,38137,0,0
450360000253,38138,0,0
450360000253,38139,0,0
450360000253,38140,0,0
450360000253,38141,0,0
450360000253,38142,0,0
450360000253,38143,0,0
450360000253,38144,0,0
450360000253,1,69,191
450360000253,38145,0,0
450360000253,38146,0,0
450360000253,38147,0,0
450360000253,38148,0,0
450360000253,38149,0,0
450360000253,38150,0,0
450360000253,38151,0,0
450360000651,1,114,134
450360000651,1,168,70
450360000651,2,44,76
450360000651,37796,0,0
450360000651,37797,0,0
450360000651,4,533,16
450360000651,37798,0,0
450360000651,1,451,49
450360000651,3,336,24
450360000651,37799,0,0
450360000651,37800,0,0
450360000651,1,247,75
450360000651,2,316,81
450360000651,3,118,159
450360000651,37801,0,0
450360000651,37802,0,0
450360000651,37803,0,0
450360000651,37804,0,0
450360000651,37805,0,0
450360000651,2,749,23
450360000651,37806,0,0
450360000651,2,19,9
450360000651,37807,0,0
450360000651,1,11,134
450360000651,37808,0,0
450360000651,3,534,30
450360000651,37809,0,0
450360000651,37810,0,0
450360000651,37811,0,0
450360000651,1,210,92
450360000651,2,51,118
450360000651,37812,0,0
450360000651,37813,0,0
450360000651,2,1007,92
450360000651,37814,0,0
450360000651,37815,0,0
450360000651,37816,0,0
450360000651,3,53,69
450360000651,37817,0,0
450360000651,37818,0,0
450360000651,1,70,189
450360000651,3,375,184
450360000651,37819,0,0
450360000651,37820,0,0
450360000651,37821,0,0
450360000651,37822,0,0
450360000651,1,724,168
450360000651,37823,0,0
450360000651,1,49,11
450360000651,37824,0,0
450360000997,1,213,134
450360000997,1,145,121
450360000997,2,862,137
450360000997,38026,0,0
450360000997,38027,0,0
450360000997,1,46,25
450360000997,38028,0,0
450360000997,1,450,24
450360000997,38029,0,0
450360000997,38030,0,0
450360000997,38031,0,0
450360000997,1,750,137
450360000997,38032,0,0
450360000997,38033,0,0
450360000997,2,448,181
450360000997,38034,0,0
450360000997,1,512,131
450360000997,38035,0,0
450360000997,38036,0,0
450360000997,3,570,165
450360000997,1,298,161
450360000997,38037,0,0
450360000997,38038,0,0
450360000997,1,836,75
450360000997,38039,0,0
450360000997,38040,0,0
450360000997,2,215,12
450360000997,38041,0,0
450360000997,1,448,71
450360000997,1,84,31
450360000997,38042,0,0
450360000997,38043,0,0
450360000997,1,49,141
450360000997,134,0,111
450360000997,38044,0,0
450360000997,38045,0,0
450360000997,38046,0,0
450360000997,38047,0,0
450360000997,1,470,44
450360000997,1,331,118
450360000997,38048,0,0
450360000997,38049,0,0
450360000997,38050,0,0
450360000997,38051,0,0
450360000997,38052,0,0
450360000997,38053,0,0
450360000997,38054,0,0
450360000997,38055,0,0
450360000997,38056,0,0
450360000997,1,269,78
450360000997,1,414,133
450360000997,38057,0,0
450360001016,1,107,120
450360001016,2,177,24
450360001016,1,328,146
450360001016,38468,0,0
450360001016,1,249,141
450360001016,38469,0,0
450360001016,2,698,177
450360001016,3,228,145
450360001016,2,278,178
450360001016,38470,0,0
450360001016,1,1490,137
450360001016,38471,0,0
450360001016,38472,0,0
450360001016,4,288,56
450360001016,1,245,134
450360001016,38473,0,0
450360001016,1,214,88
450360001016,1,548,164
450360001016,38474,0,0
450360001016,38475,0,0
450360001016,2,162,43
450360001016,1,610,177
450360001016,1,697,76
450360001016,38476,0,0
450360001016,2,170,186
450360001016,1,515,78
450360001016,38477,0,0
450360001016,38478,0,0
450360001016,1,97,39
450360001016,38479,0,0
450360001016,2,429,133
450360001016,38480,0,0
450360001016,1,314,55
450360001016,3,438,56
450360001016,2,322,134
450360001016,3,401,178
450360001016,38481,0,0
450360001016,2,416,60
450360001016,1,435,144
450360001016,1,360,177
450360001016,4,474,60
450360001016,2,250,179
450360001016,1,20,49
450360001016,1,402,154
450360001016,1,220,190
450360001016,2,486,92
450360001016,2,216,25
450360001016,38482,0,0
450360001016,1,455,137
450360001016,4,1030,69
450360001016,1,422,178
450360001016,38483,0,0
450360001018,1,748,23
450360001018,38813,0,0
450360001018,38814,0,0
450360001018,2,492,28
450360001018,1,376,23
450360001018,38815,0,0
450360001018,38816,0,0
450360001018,38817,0,0
450360001018,2,82,60
450360001018,38818,0,0
450360001018,2,511,195
450360001018,2,425,127
450360001018,38819,0,0
450360001018,38820,0,0
450360001018,38821,0,0
450360001018,1,249,112
450360001018,38822,0,0
450360001018,38823,0,0
450360001018,38824,0,0
450360001018,38825,0,0
450360001018,38826,0,0
450360001018,1,745,92
450360001018,38827,0,0
450360001018,38828,0,0
450360001018,38829,0,0
450360001018,38830,0,0
450360001018,38831,0,0
450360001018,38832,0,0
450360001018,1,408,76
450360001018,38833,0,0
450360001018,38834,0,0
450360001018,38835,0,0
450360001018,38836,0,0
450360001021,38190,0,0
450360001021,38191,0,0
450360001021,38192,0,0
450360001021,38193,0,0
450360001021,2,733,11
450360001021,1,779,56
450360001021,2,386,178
450360001021,1,610,165
450360001021,2,213,134
450360001021,2,185,12
450360001021,2,445,24
450360001021,1,377,154
450360001021,38194,0,0
450360001021,3,156,1
450360001021,1,184,25
450360001021,38195,0,0
450360001021,1,678,98
450360001021,38196,0,0
450360001021,1,897,75
450360001021,2,919,23
450360001021,2,619,71
450360001021,4,403,177
450360001021,2,436,92
450360001021,1,301,49
450360001021,38197,0,0
450360001021,38198,0,0
450360001021,38199,0,0
450360001021,38200,0,0
450360001021,1,280,39
450360001021,1,7,122
450360001021,38201,0,0
450360001021,2,231,174
450360001021,38202,0,0
450360001021,38203,0,0
450360001021,38204,0,0
450360001021,38205,0,0
450360001021,38206,0,0
450360001021,38207,0,0
450360001021,2,855,95
450360001021,2,198,10
450360001021,2,102,33
450360001021,1,194,48
450360001021,1,399,122
450360001021,2,161,147
450360001022,3,490,69
450360001022,2,390,144
450360001022,2,302,82
450360001022,1,341,125
450360001022,3,928,95
450360001022,2,446,151
450360001022,1,160,137
450360001022,2,56,60
450360001022,1,182,175
450360001022,37654,0,0
450360001022,2,208,137
450360001022,1,428,48
450360001022,1,99,186
450360001022,2,127,149
450360001022,2,99,29
450360001022,37655,0,0
450360001022,1,161,81
450360001022,37656,0,0
450360001022,1,85,70
450360001022,37657,0,0
450360001022,1,377,137
450360001022,2,436,171
450360001022,37658,0,0
450360001022,1,74,56
450360001022,1,455,145
450360001022,2,192,49
450360001022,1,59,144
450360001022,37659,0,0
450360001022,2,1051,137
450360001022,2,160,134
450360001022,37660,0,0
450360001022,37661,0,0
450360001022,37662,0,0
450360001022,2,1112,137
450360001022,1,65,56
450360001022,2,390,24
450360001022,1,1011,157
450360001022,37663,0,0
450360001022,37664,0,0
450360001022,2,198,44
450360001022,2,1409,177
450360001022,37665,0,0
450360001022,1,370,168
450360001022,37666,0,0
450360001022,1,1373,192
450360001022,1,455,20
450360001022,2,697,137
450360001022,2,377,9
450360001022,1,871,137
450360001022,1,96,154
450360001022,2,707,92
450360001022,3,164,166
450360001022,1,94,137
450360001022,1,305,41
450360001022,1,164,140
450360001022,37667,0,0
450360001022,2,47,39
450360001022,1,359,23
450360001022,1,184,194
450360001022,1,798,92
450360001022,3,774,177
450360001022,1,213,175
450360001022,2,1006,177
450360001022,1,96,29
450360001022,2,358,144
450360001022,2,565,174
450360001022,1,670,171
450360001022,2,303,43
450360001022,2,19,25
450360001022,1,168,48
450360001022,2,357,154
450360001022,4,316,127
450360001022,1,404,78
450360001022,1,14,172
450360001022,2,633,186
450360001022,1,215,10
450360001022,1,132,177
450360001022,1,424,29
450360001022,2,721,187
450360001022,1,1484,137
450360001022,3,163,145
450360001022,37668,0,0
450360001022,2,500,157
450360001022,37669,0,0
450360001022,1,641,137
450360001022,1,356,137
450360001022,1,405,23
450360001022,1,212,122
450360001022,1,156,75
450360001022,1,28,25
450360001022,37670,0,0
450360001022,37671,0,0
450360001022,1,157,135
450360001022,37672,0,0
450360001022,1,363,92
450360001022,1,871,23
450360001022,2,604,86
450360001022,37673,0,0
450360001022,37674,0,0
450360001022,2,243,177
450360001022,1,899,76
450360001022,1,539,132
450360001022,1,716,137
450360001022,37675,0,0
450360001022,37676,0,0
450360001023,1,619,71
450360001023,1,193,153
450360001023,38002,0,0
450360001023,38003,0,0
450360001023,38004,0,0
450360001023,1,23,178
450360001023,38005,0,0
450360001023,1,465,127
450360001023,38006,0,0
450360001023,2,283,177
450360001023,38007,0,0
450360001023,1,397,171
450360001023,2,389,178
450360001023,38008,0,0
450360001023,2,138,186
450360001023,38009,0,0
450360001023,38010,0,0
450360001023,38011,0,0
450360001023,38012,0,0
450360001023,1,356,92
450360001023,38013,0,0
450360001023,2,386,77
450360001023,1,417,191
450360001023,2,25,92
450360001023,1,313,88
450360001023,2,425,5
450360001023,1,225,3
450360001023,38014,0,0
450360001023,38015,0,0
450360001023,2,495,22
450360001023,38016,0,0
450360001023,2,235,124
450360001023,1,156,110
450360001023,38017,0,0
450360001023,1,318,12
450360001023,38018,0,0
450360001023,38019,0,0
450360001023,2,677,28
450360001023,38020,0,0
450360001023,38021,0,0
450360001023,2,84,41
450360001023,1,56,181
450360001023,38022,0,0
450360001023,38023,0,0
450360001023,1,281,95
450360001023,1,388,4
450360001023,38024,0,0
450360001023,1,518,75
450360001023,38025,0,0
450360001476,38266,0,0
450360001476,38267,0,0
450360001476,38268,0,0
450360001476,1,352,94
450360001476,2,868,69
450360001476,38269,0,0
450360001476,2,143,126
450360001476,38270,0,0
450360001476,2,581,50
450360001476,1,392,29
450360001476,3,332,25
450360001476,1,87,167
450360001476,1,150,50
450360001476,2,374,49
450360001476,1,577,137
450360001476,38271,0,0
450360001476,38272,0,0
450360001476,3,355,87
450360001476,38273,0,0
450360001476,1,23,70
450360001476,38274,0,0
450360001476,1,228,130
450360001476,38275,0,0
450360001476,38276,0,0
450360001476,2,527,69
450360001476,2,596,56
450360001476,1,425,41
450360001476,2,1687,177
450360001476,1,205,122
450360001476,2,1769,192
450360001476,2,355,177
450360001476,2,499,50
450360001476,1,585,23
450360001476,2,199,43
450360001476,38277,0,0
450360001476,38278,0,0
450360001476,2,543,25
450360001476,38279,0,0
450360001476,38280,0,0
450360001476,2,93,133
450360001503,2,32,92
450360001503,38281,0,0
450360001503,1,500,140
450360001503,38282,0,0
450360001503,1,344,171
450360001503,38283,0,0
450360001503,38284,0,0
450360001503,38285,0,0
450360001503,38286,0,0
450360001503,38287,0,0
450360001503,38288,0,0
450360001503,38289,0,0
450360001503,2,745,11
450360001503,38290,0,0
450360001503,38291,0,0
450360001503,38292,0,0
450360001503,38293,0,0
450360001503,38294,0,0
450360001503,38295,0,0
450360001503,1,247,134
450360001503,38296,0,0
450360001503,38297,0,0
450360001503,38298,0,0
450360001503,38299,0,0
450360001503,38300,0,0
450360001503,2,268,181
450360001503,38301,0,0
450360001503,38302,0,0
450360001503,2,915,195
450360001503,38303,0,0
450360001503,38304,0,0
450360001503,38305,0,0
450360001503,38306,0,0
450360001503,38307,0,0
450360001503,38308,0,0
450360001503,38309,0,0
450360001503,38310,0,0
450360001503,38311,0,0
450360001503,38312,0,0
450360001503,38313,0,0
450360001503,38314,0,0
450360001503,38315,0,0
450360001503,38316,0,0
450360001503,38317,0,0
450360001504,38873,0,0
450360001504,38874,0,0
450360001504,38875,0,0
450360001504,1,237,152
450360001504,38876,0,0
450360001504,1,130,152
450360001504,2,373,60
450360001504,38877,0,0
450360001504,2,561,151
450360001504,1,1589,177
450360001504,1,253,122
450360001504,38878,0,0
450360001504,1,107,31
450360001504,3,456,119
450360001504,4,0,60
450360001504,38879,0,0
450360001504,2,958,177
450360001504,2,247,157
450360001504,2,193,77
450360001504,38880,0,0
450360001504,1,754,28
450360001504,1,502,178
450360001504,1,1268,137
450360001504,2,1351,192
450360001504,2,596,119
450360001504,1,372,16
450360001504,2,759,135
450360001504,2,786,76
450360001504,38881,0,0
450360001504,1,56,137
450360001504,1,176,117
450360001504,38882,0,0
450360001504,1,460,34
450360001504,1,951,137
450360001504,38883,0,0
450360001504,3,780,131
450360001504,1,290,23
450360001504,1,194,111
450360001504,38884,0,0
450360001504,38885,0,0
450360001504,2,182,154
450360001504,1,423,181
450360001504,38886,0,0
450360001504,1,478,185
450360001504,38887,0,0
450360001504,1,1036,137
450360001504,38888,0,0
450360001504,2,514,178
450360001504,2,118,130
450363000029,1,461,104
450363000029,38208,0,0
450363000029,38209,0,0
450363000029,38210,0,0
450363000029,1,90,141
450363000029,38211,0,0
450363000029,38212,0,0
450363000029,2,123,64
450363000029,38213,0,0
450363000029,2,26,43
450363000029,38214,0,0
450363000029,2,324,192
450363000029,38215,0,0
450363000029,38216,0,0
450363000029,38217,0,0
450363000029,38218,0,0
450363000029,38219,0,0
450363000029,1,51,114
450363000029,38220,0,0
450363000029,1,796,11
450363000029,38221,0,0
450363000029,3,86,55
450363000029,3,117,155
450363000029,38222,0,0
450363000029,2,1,158
450363000029,38223,0,0
450363000029,38224,0,0
450363000029,38225,0,0
450363000029,1,579,131
450363000029,1,248,51
450363000029,1,222,25
450363000029,1,425,88
450363000029,38226,0,0
450363000029,1,629,177
450363000029,2,856,165
450363000029,2,225,11
450363000029,2,322,121
450363000029,3,27,98
450363000029,2,537,116
450363000029,38227,0,0
450363000029,1,1003,187
450363000029,38228,0,0
450363000029,38229,0,0
450363000029,38230,0,0
450363000029,38231,0,0
450363000029,38232,0,0
450363000029,2,214,127
450363000029,38233,0,0
450363000029,1,436,34
450363000029,2,40,30
450363000029,38234,0,0
450363000029,1,807,16
450363000029,2,184,32
450363000029,2,46,132
450363000349,2,190,132
450363000349,1,116,105
450363000349,38556,0,0
450363000349,38557,0,0
450363000349,1,13,118
450363000349,38558,0,0
450363000349,2,187,69
450363000349,38559,0,0
450363000349,38560,0,0
450363000349,2,818,147
450363000349,2,218,41
450363000349,1,308,125
450363000349,38561,0,0
450363000349,38562,0,0
450363000349,38563,0,0
450363000349,2,17,43
450363000349,38564,0,0
450363000349,38565,0,0
450363000349,38566,0,0
450363000349,38567,0,0
450363000349,1,467,145
450363000349,38568,0,0
450363000349,38569,0,0
450363000349,38570,0,0
450363000349,38571,0,0
450363000349,1,280,185
450363000349,38572,0,0
450363000349,2,274,11
450363000349,38573,0,0
450363000349,38574,0,0
450363000349,1,1,13
450363000349,4,350,19
450363000349,38575,0,0
450363000349,1,328,12
450363000349,38576,0,0
450363000349,38577,0,0
450363000349,38578,0,0
450363000349,38579,0,0
450363000349,2,406,21
450363000349,2,271,39
450363000349,38580,0,0
450363000349,38581,0,0
450363000349,38582,0,0
450363000349,38583,0,0
450363000349,38584,0,0
450363000349,4,377,34
450363000349,38585,0,0
450363000349,1,662,189
450363001024,2,214,144
450363001024,1,339,12
450363001024,1,354,76
450363001024,3,328,184
450363001024,1,56,82
450363001024,1,521,76
450363001024,1,68,86
450363001024,1,349,112
450363001024,2,240,25
450363001024,37772,0,0
450363001024,37773,0,0
450363001024,1,476,92
450363001024,37774,0,0
450363001024,3,606,22
450363001024,37775,0,0
450363001024,1,407,98
450363001024,37776,0,0
450363001024,2,217,32
450363001024,1,758,71
450363001024,37777,0,0
450363001024,2,488,125
450363001024,1,412,82
450363001024,37778,0,0
450363001024,37779,0,0
450363001024,1,14,8
450363001024,37780,0,0
450363001024,37781,0,0
450363001024,37782,0,0
450363001024,37783,0,0
450363001024,1,249,44
450363001024,37784,0,0
450363001024,2,5,36
450363001024,37785,0,0
450363001024,37786,0,0
450363001024,37787,0,0
450363001024,37788,0,0
450363001024,1,242,12
450363001024,37789,0,0
450363001024,37790,0,0
450363001024,37791,0,0
450363001024,37792,0,0
450363001024,1,256,112
450363001024,1,146,12
450363001024,1,713,44
450363001024,37793,0,0
450363001024,1,221,175
450363001024,37794,0,0
450363001024,1,406,114
450363001024,1,781,187
450363001024,37795,0,0
450363001024,1,606,191
450363001025,1,217,78
450363001025,38922,0,0
450363001025,38923,0,0
450363001025,1,309,111
450363001025,2,101,92
450363001025,1,1324,137
450363001025,2,526,76
450363001025,1,217,44
450363001025,1,224,43
450363001025,1,667,120
450363001025,2,207,92
450363001025,38924,0,0
450363001025,3,420,136
450363001025,38925,0,0
450363001025,3,1705,177
450363001025,2,133,112
450363001025,38926,0,0
450363001025,38927,0,0
450363001025,2,920,192
450363001025,1,10,123
450363001025,2,175,178
450363001025,1,643,31
450363001025,38928,0,0
450363001025,1,39,14
450363001025,38929,0,0
450363001025,1,30,26
450363001025,2,580,75
450363001025,1,1435,177
450363001025,38930,0,0
450363001025,38931,0,0
450363001025,38932,0,0
450363001025,2,688,11
450363001025,2,151,14
450363001025,2,135,178
450363001025,1,1657,192
450363001025,1,1018,177
450363001025,1,326,178
450363001025,38933,0,0
450363001025,38934,0,0
450363001025,38935,0,0
450363001025,1,352,23
450363001025,38936,0,0
450363001025,2,777,23
450363001025,2,200,100
450363001025,2,315,122
450363001025,2,271,177
450363001025,1,65,60
450363001025,1,684,78
450363001025,1,278,69
450363001025,1,1481,192
450363001027,38074,0,0
450363001027,1,393,87
450363001027,38075,0,0
450363001027,1,403,12
450363001027,38076,0,0
450363001027,4,270,14
450363001027,38077,0,0
450363001027,1,23,121
450363001027,2,197,124
450363001027,2,662,76
450363001027,1,485,31
450363001027,38078,0,0
450363001027,38079,0,0
450363001027,2,354,154
450363001027,1,558,175
450363001027,1,84,98
450363001027,2,256,165
450363001027,1,438,122
450363001027,2,626,159
450363001027,38080,0,0
450363001027,1,416,168
450363001027,38081,0,0
450363001027,2,259,11
450363001027,1,703,185
450363001027,1,55,72
450363001027,1,368,150
450363001028,38152,0,0
450363001028,38153,0,0
450363001028,38154,0,0
450363001028,2,594,95
450363001028,1,1165,95
450363001028,38155,0,0
450363001028,38156,0,0
450363001028,38157,0,0
450363001028,38158,0,0
450363001028,38159,0,0
450363001028,38160,0,0
450363001028,2,6,186
450363001028,38161,0,0
450363001028,1,78,32
450363001028,3,19,136
450363001028,2,375,22
450363001028,38162,0,0
450363001028,38163,0,0
450363001028,1,657,132
450363001028,38164,0,0
450363001028,38165,0,0
450363001028,2,377,88
450363001028,2,474,44
450363001028,38166,0,0
450363001028,38167,0,0
450363001028,1,847,23
450363001028,38168,0,0
450363001028,1,48,50
450363001028,1,175,78
450363001028,2,900,92
450363001031,2,456,130
450363001031,1,283,192
450363001031,1,111,178
450363001031,1,381,23
450363001031,39009,0,0
450363001031,39010,0,0
450363001031,39011,0,0
450363001031,2,384,32
450363001031,1,655,111
450363001031,1,17,43
450363001031,39012,0,0
450363001031,2,495,70
450363001031,39013,0,0
450363001031,1,367,104
450363001031,1,555,157
450363001031,1,319,192
450363001031,3,664,131
450363001031,2,775,161
450363001031,39014,0,0
450363001031,1,841,131
450363001031,2,635,120
450363001031,1,710,174
450363001031,39015,0,0
450363001031,1,223,56
450363001031,39016,0,0
450363001031,39017,0,0
450363001031,2,1312,192
450363001031,1,148,158
450363001031,39018,0,0
450363001031,2,785,172
450363001031,2,528,28
450363001032,38736,0,0
450363001032,38737,0,0
450363001032,38738,0,0
450363001032,2,301,71
450363001032,4,55,141
450363001032,1,369,95
450363001032,38739,0,0
450363001032,38740,0,0
450363001032,1,296,3
450363001032,38741,0,0
450363001032,38742,0,0
450363001032,38743,0,0
450363001032,145,0,111
450363001032,1,215,127
450363001032,3,148,104
450363001032,1,196,134
450363001032,2,353,22
450363001032,38744,0,0
450363001032,3,401,27
450363001032,38745,0,0
450363001032,38746,0,0
450363001032,2,255,91
450363001032,2,494,127
450363001032,38747,0,0
450363001032,38748,0,0
450363001032,1,248,139
450363001032,2,300,70
450363001032,1,556,189
450363001032,38749,0,0
450363001032,1,1308,31
450363001032,1,503,137
450363001032,2,767,121
450363001032,38750,0,0
450363001032,2,37,155
450363001032,38751,0,0
450363001032,2,951,157
450363001032,2,370,174
450363001032,38752,0,0
450363001032,38753,0,0
450363001032,2,635,168
450363001032,38754,0,0
450363001032,2,70,132
450363001032,38755,0,0
450363001032,38756,0,0
450363001032,1,34,14
450363001032,38757,0,0
450363001032,38758,0,0
450363001032,1,220,158
450363001032,38759,0,0
450363001032,2,685,23
450363001032,1,580,164
450363001032,38760,0,0
450363001032,1,257,5
450363001032,38761,0,0
450363001033,2,890,187
450363001033,2,152,119
450363001033,1,261,142
450363001033,1,854,16
450363001033,38937,0,0
450363001033,38938,0,0
450363001033,2,76,56
450363001033,2,167,98
450363001033,38939,0,0
450363001033,3,149,43
450363001033,2,647,95
450363001033,2,907,192
450363001033,1,295,191
450363001033,38940,0,0
450363001033,2,780,131
450363001033,1,633,192
450363001033,2,416,56
450363001033,2,89,166
450363001033,38941,0,0
450363001033,2,199,103
450363001033,1,144,153
450363001033,2,91,134
450363001033,38942,0,0
450363001033,1,317,111
450363001033,1,429,14
450363001033,38943,0,0
450363001033,1,84,131
450363001033,38944,0,0
450363001038,2,144,11
450363001038,38345,0,0
450363001038,38346,0,0
450363001038,2,269,103
450363001038,38347,0,0
450363001038,38348,0,0
450363001038,1,361,32
450363001038,1,265,158
450363001038,2,112,92
450363001038,38349,0,0
450363001038,2,70,158
450363001038,2,257,11
450363001038,38350,0,0
450363001038,38351,0,0
450363001038,1,221,151
450363001038,3,199,10
450363001038,38352,0,0
450363001038,2,99,42
450363001038,1,300,63
450363001038,3,215,14
450363001038,2,431,159
450363001038,38353,0,0
450363001038,2,344,186
450363001038,2,355,8
450363001038,1,753,31
450363001038,2,1332,137
450363001038,1,246,11
450363001038,38354,0,0
450363001038,1,54,125
450363001038,2,127,132
450363001038,2,135,125
450363001038,2,50,34
450363001038,2,481,34
450363001038,38355,0,0
450363001038,2,12,32
450363001038,38356,0,0
450363001038,38357,0,0
450363001038,38358,0,0
450363001038,1,138,183
450363001038,1,441,32
450363001038,38359,0,0
450363001038,38360,0,0
450363001038,38361,0,0
450363001038,38362,0,0
450363001038,1,672,122
450363001038,2,911,165
450363001038,38363,0,0
450363001038,1,301,2
450363001038,1,89,140
450363001038,2,202,124
450363001038,1,60,100
450363001038,1,168,105
450363001038,38364,0,0
450363001038,1,377,11
450363001038,3,238,131
450363001038,2,847,3
450363001038,38365,0,0
450363001038,38366,0,0
450363001038,38367,0,0
450363001038,1,183,102
450363001038,38368,0,0
450363001038,1,55,83
450363001038,1,411,46
450363001038,2,697,25
450363001038,38369,0,0
450363001038,1,771,131
450363001038,1,268,130
450363001038,1,393,19
450363001038,2,165,142
450363001038,38370,0,0
450363001038,38371,0,0
450363001038,1,1158,177
450363001038,1,99,114
450363001038,38372,0,0
450363001038,38373,0,0
450363001038,38374,0,0
450363001038,2,366,180
450363001038,1,428,192
450363001038,38375,0,0
450363001038,38376,0,0
450363001038,38377,0,0
450363001038,3,233,92
450363001038,145,0,38
450363001038,38378,0,0
450363001038,38379,0,0
450363001038,38380,0,0
450363001038,1,672,187
450363001038,38381,0,0
450363001038,38382,0,0
450363001038,38383,0,0
450363001038,38384,0,0
450363001038,38385,0,0
450363001038,2,1490,192
450363001038,1,774,31
450363001038,1,26,49
450363001038,38386,0,0
450363001038,1,207,112
450363001038,38387,0,0
450363001038,38388,0,0
450363001038,38389,0,0
450363001038,2,503,34
450363001038,38390,0,0
450363001038,38391,0,0
450363001038,1,601,5
450363001038,2,523,131
450363001038,1,410,138
450363001038,38392,0,0
450363001038,38393,0,0
450363001038,38394,0,0
450363001038,1,572,132
450363001038,38395,0,0
450363001038,1,286,34
450363001038,1,121,20
450363001038,38396,0,0
450363001038,2,217,194
450363001038,1,489,150
450363001038,2,101,174
450363001038,1,1489,177
450363001038,38397,0,0
450363001038,2,243,103
450363001038,1,957,157
450363001038,38398,0,0
450363001038,38399,0,0
450363001038,38400,0,0
450363001038,1,35,87
450363001038,38401,0,0
450363001038,38402,0,0
450363001038,38403,0,0
450363001038,2,1050,10
450363001038,38404,0,0
450363001038,38405,0,0
450363001038,38406,0,0
450363001038,2,181,73
450363001038,1,267,165
450363001038,38407,0,0
450363001038,38408,0,0
450363001038,1,326,148
450363001038,1,73,125
450363001038,3,452,14
450363001038,2,369,170
450363001038,2,723,92
450363001038,2,531,8
450363001038,2,237,42
450363001038,38409,0,0
450363001038,38410,0,0
450363001038,38411,0,0
450363001038,2,351,32
450363001038,4,17,158
450363001038,1,11,9
450363001038,38412,0,0
450363001038,1,273,83
450363001038,1,375,191
450363001038,4,335,98
450363001038,38413,0,0
450363001038,38414,0,0
450363001038,1,238,59
450363001038,1,400,187
450363001038,2,123,11
450363001038,38415,0,0
450363001038,38416,0,0
450363001038,38417,0,0
450363001038,1,222,138
450363001038,1,301,71
450363001038,3,298,32
450363001038,38418,0,0
450363001038,3,190,193
450363001038,38419,0,0
450363001038,38420,0,0
450363001038,3,410,143
450363001038,2,111,83
450363001038,1,166,131
450363001038,2,243,32
450363001038,38421,0,0
450363001038,38422,0,0
450363001038,38423,0,0
450363001038,38424,0,0
450363001038,1,59,13
450363001038,38425,0,0
450363001038,1,419,43
450363001038,1,667,157
450363001038,1,272,71
450363001038,2,120,103
450363001038,1,9,11
450363001038,38426,0,0
450363001038,38427,0,0
450363001314,1,224,12
450363001314,1,359,72
450363001314,1,1649,177
450363001314,37868,0,0
450363001314,37869,0,0
450363001314,89,0,111
450363001314,37870,0,0
450363001314,37871,0,0
450363001314,1,90,132
450363001314,1,220,73
450363001314,2,411,111
450363001314,1,207,1
450363001314,3,668,189
450363001314,37872,0,0
450363001314,1,99,42
450363001314,37873,0,0
450363001314,37874,0,0
450363001314,37875,0,0
450363001314,37876,0,0
450363001314,1,373,192
450363001314,37877,0,0
450363001314,37878,0,0
450363001314,37879,0,0
450363001314,1,323,110
450363001314,1,1154,31
450363001314,2,175,183
450363001314,37880,0,0
450363001314,1,2,37
450363001314,1,826,3
450363001314,37881,0,0
450363001314,2,594,76
450363001314,2,513,56
450363001314,37882,0,0
450363001314,1,332,131
450363001314,37883,0,0
450363001314,2,693,157
450363001314,37884,0,0
450363001314,37885,0,0
450363001314,37886,0,0
450363001314,1,483,119
450363001314,37887,0,0
450363001314,37888,0,0
450363001314,1,14,111
450363001314,37889,0,0
450363001314,1,528,66
450363001314,37890,0,0
450363001314,37891,0,0
450363001314,1,330,189
450363001314,37892,0,0
450363001314,37893,0,0
450363001314,37894,0,0
450363001314,37895,0,0
450363001314,1,82,180
450363001314,37896,0,0
450363001314,3,11,182
450363001314,1,147,139
450363001314,1,92,123
450363001314,37897,0,0
450363001314,37898,0,0
450363001314,1,316,184
450363001314,1,787,98
450363001314,37899,0,0
450363001314,1,49,161
450363001314,37900,0,0
450363001314,37901,0,0
450363001314,37902,0,0
450363001314,1,122,82
450363001314,37903,0,0
450363001315,37825,0,0
450363001315,2,427,119
450363001315,1,78,53
450363001315,37826,0,0
450363001315,1,142,11
450363001315,1,23,193
450363001315,1,209,104
450363001315,2,670,86
450363001315,2,482,60
450363001315,37827,0,0
450363001315,1,187,53
450363001315,1,711,195
450363001315,1,121,51
450363001315,2,393,183
450363001315,37828,0,0
450363001315,1,555,171
450363001315,3,106,11
450363001315,1,1070,132
450363001315,37829,0,0
450363001315,37830,0,0
450363001315,2,404,71
450363001315,1,499,3
450363001315,37831,0,0
450363001315,1,273,170
450363001315,37832,0,0
450363001315,37833,0,0
450363001315,37834,0,0
450363001315,2,489,145
450363001315,2,263,149
450363001315,2,591,172
450363001315,1,617,17
450363001315,37835,0,0
450363001315,2,862,195
450363001315,37836,0,0
450363001315,1,156,23
450363001315,1,542,46
450363001315,2,52,49
450363001315,2,281,82
450363001315,37837,0,0
450363001315,37838,0,0
450363001315,1,191,106
450363001315,2,594,77
450363001315,1,394,183
450363001315,1,248,30
450363001315,37839,0,0
450363001315,37840,0,0
450363001315,1,34,172
450363001315,37841,0,0
450363001315,1,363,19
450363001315,37842,0,0
450363001315,37843,0,0
450363001315,37844,0,0
450363001315,1,549,50
450363001315,2,224,4
450363001315,1,80,95
450363001316,2,487,181
450363001316,1,145,2
450363001316,38484,0,0
450363001316,38485,0,0
450363001316,1,585,98
450363001316,1,651,28
450363001316,38486,0,0
450363001316,38487,0,0
450363001316,38488,0,0
450363001316,2,127,8
450363001316,38489,0,0
450363001316,38490,0,0
450363001316,38491,0,0
450363001316,1,466,73
450363001316,2,375,66
450363001316,38492,0,0
450363001316,38493,0,0
450363001316,1,206,80
450363001316,1,482,132
450363001316,38494,0,0
450363001316,2,247,115
450363001316,1,32,137
450363001316,38495,0,0
450363001316,38496,0,0
450363001316,38497,0,0
450363001316,38498,0,0
450363001316,2,76,125
450363001316,1,526,3
450363001316,1,451,135
450363001316,38499,0,0
450363001316,2,1161,132
450363001316,38500,0,0
450363001316,38501,0,0
450363001316,1,108,2
450363001316,2,744,143
450363001316,152,0,38
450363001316,1,272,122
450363001316,2,620,185
450363001316,2,117,103
450363001316,1,774,16
450363001316,38502,0,0
450363001316,2,405,163
450363001316,2,193,82
450363001316,38503,0,0
450363001316,1,146,59
450363001316,38504,0,0
450363001316,1,254,34
450363001316,1,116,80
450363001316,1,276,158
450363001316,38505,0,0
450363001316,38506,0,0
450363001316,38507,0,0
450363001316,1,209,147
450363001316,38508,0,0
450363001316,38509,0,0
450363001316,1,622,132
450363001316,38510,0,0
450363001316,3,104,43
450363001316,3,115,138
450363001316,2,496,8
450363001316,3,49,63
450363001316,1,408,37
450366001040,37614,0,0
450366001040,1,251,66
450366001040,1,21,155
450366001040,37615,0,0
450366001040,2,364,47
450366001040,37616,0,0
450366001040,1,64,30
450366001040,37617,0,0
450366001040,1,922,16
450366001040,37618,0,0
450366001040,37619,0,0
450366001040,1,262,95
450366001040,37620,0,0
450366001040,1,58,13
450366001040,37621,0,0
450366001040,2,537,169
450366001040,2,135,170
450366001040,2,259,66
450366001040,1,234,32
450366001040,1,249,72
450366001040,37622,0,0
450366001040,37623,0,0
450366001040,1,521,75
450366001040,1,295,2
450366001040,1,254,2
450366001040,37624,0,0
450366001040,37625,0,0
450366001040,1,81,141
450366001040,1,98,181
450366001040,2,207,70
450366001040,37626,0,0
450366001040,37627,0,0
450366001040,1,398,78
450366001040,2,192,66
450366001040,1,92,70
450366001040,2,505,30
450366001040,1,177,141
450366001040,37628,0,0
450366001040,37629,0,0
450366001040,2,425,66
450366001040,37630,0,0
450366001041,1,300,57
450366001041,2,386,19
450366001041,2,429,32
450366001041,1,105,95
450366001041,1,500,131
450366001041,2,297,192
450366001041,1,309,2
450366001041,1,249,111
450366001041,38762,0,0
450366001041,1,186,39
450366001041,2,312,192
450366001041,4,183,141
450366001041,1,62,158
450366001041,2,355,19
450366001041,38763,0,0
450366001041,2,153,82
450366001041,2,241,32
450366001041,38764,0,0
450366001041,1,1592,192
450366001041,38765,0,0
450366001041,10,84,51
450366001041,2,786,172
450366001041,2,461,192
450366001041,38766,0,0
450366001041,38767,0,0
450366001041,38768,0,0
450366001041,2,457,22
450366001041,2,137,132
450366001041,2,422,169
450366001041,38769,0,0
450366001041,2,306,43
450366001041,38770,0,0
450366001041,1,485,130
450366001041,1,876,3
450366001041,1,300,4
450366001041,1,86,147
450366001041,2,621,154
450366001041,2,643,16
450366001041,2,181,158
450366001041,2,300,11
450366001041,2,217,53
450366001041,38771,0,0
450366001041,1,194,71
450366001041,2,276,25
450366001041,1,518,34
450366001041,1,39,11
450366001041,2,469,30
450366001041,38772,0,0
450366001041,1,743,111
450366001041,2,170,125
450366001041,2,690,116
450366001041,1,211,46
450366001041,1,613,111
450366001041,1,440,4
450366001041,1,319,55
450366001041,1,106,13
450366001041,1,350,145
450366001041,38773,0,0
450366001041,1,57,66
450366001041,1,45,28
450366001041,1,348,112
450366001041,1,444,161
450366001041,2,211,42
450366001042,2,362,75
450366001042,38082,0,0
450366001042,2,299,27
450366001042,2,233,60
450366001042,38083,0,0
450366001042,1,242,138
450366001042,1,409,9
450366001042,155,0,38
450366001042,38084,0,0
450366001042,38085,0,0
450366001042,2,84,8
450366001042,3,218,9
450366001042,1,242,181
450366001042,1,220,38
450366001042,38086,0,0
450366001042,1,159,190
450366001042,1,45,94
450366001042,1,351,124
450366001042,182,0,182
450366001042,1,983,187
450366001042,3,520,30
450366001042,2,408,191
450366001042,38087,0,0
450366001042,129,0,111
450366001042,38088,0,0
450366001042,2,158,18
450366001042,1,443,56
450366001042,38089,0,0
450366001042,1,298,183
450366001042,1,432,84
450366001042,38090,0,0
450366001042,2,312,125
450366001042,1,331,46
450366001042,196,0,182
450366001042,1,126,84
450366001042,38091,0,0
450366001042,2,1806,192
450366001042,1,13,76
450366001042,1,346,87
450366001042,38092,0,0
450366001042,1,259,100
450366001042,1,601,4
450366001042,2,164,150
450366001042,38093,0,0
450366001046,38443,0,0
450366001046,38444,0,0
450366001046,1,440,168
450366001046,38445,0,0
450366001046,1,323,70
450366001046,38446,0,0
450366001046,2,174,70
450366001046,38447,0,0
450366001046,38448,0,0
450366001046,38449,0,0
450366001046,2,815,11
450366001046,1,465,175
450366001046,3,631,44
450366001046,1,121,95
450366001046,1,769,71
450366001046,38450,0,0
450366001046,1,145,192
450366001046,2,7,82
450366001046,1,639,16
450366001046,1,1023,23
450366001046,1,192,66
450366001046,38451,0,0
450366001046,1,406,30
450366001046,1,52,119
450366001046,38452,0,0
450366001046,38453,0,0
450366001046,38454,0,0
450366001046,38455,0,0
450366001046,38456,0,0
450366001046,38457,0,0
450366001046,38458,0,0
450366001046,38459,0,0
450366001046,38460,0,0
450366001046,38461,0,0
450366001046,1,549,4
450366001046,1,324,192
450366001046,38462,0,0
450366001046,1,385,22
450366001046,1,106,125
450366001046,1,71,124
450366001046,38463,0,0
450366001046,2,71,76
450366001046,1,152,42
450366001046,38464,0,0
450366001046,38465,0,0
450366001046,2,437,19
450366001046,38466,0,0
450366001046,38467,0,0
450366001046,227,0,182
450366001048,2,240,175
450366001048,1,222,83
450366001048,2,198,118
450366001048,1,53,119
450366001048,1,3,55
450366001048,1,122,110
450366001048,1,509,136
450366001048,37938,0,0
450366001048,37939,0,0
450366001048,37940,0,0
450366001048,1,79,53
450366001048,37941,0,0
450366001048,1,293,73
450366001048,1,215,175
450366001048,37942,0,0
450366001048,1,637,174
450366001048,2,406,30
450366001048,37943,0,0
450366001048,1,308,139
450366001048,37944,0,0
450366001048,37945,0,0
450366001048,37946,0,0
450366001048,37947,0,0
450366001048,1,720,192
450366001048,1,633,71
450366001048,1,60,54
450366001048,1,187,29
450366001048,1,178,66
450366001048,1,680,16
450366001048,37948,0,0
450366001048,1,199,42
450366001048,1,124,87
450366001049,2,206,30
450366001049,2,93,118
450366001049,1,132,70
450366001049,1,1109,31
450366001049,1,285,132
450366001049,1,409,159
450366001049,1,228,4
450366001049,1,37,170
450366001049,1,20,131
450366001049,38945,0,0
450366001049,2,22,187
450366001049,1,94,11
450366001049,2,405,11
450366001049,38946,0,0
450366001049,1,179,4
450366001049,1,529,164
450366001049,1,179,105
450366001049,1,129,19
450366001049,1,134,139
450366001049,1,347,68
450366001049,1,389,131
450366001049,38947,0,0
450366001049,38948,0,0
450366001049,1,1646,192
450366001049,2,76,3
450366001049,38949,0,0
450366001049,1,369,9
450366001049,1,118,133
450366001049,1,357,42
450366001049,38950,0,0
450366001049,1,182,168
450366001049,1,49,49
450366001049,2,298,32
450366001049,3,203,1
450366001049,2,62,178
450366001049,1,203,138
450366001049,38951,0,0
450366001049,1,193,141
450366001049,1,295,76
450366001049,2,442,125
450366001049,38952,0,0
450366001049,38953,0,0
450366001049,2,8,163
450366001049,38954,0,0
450366001049,38955,0,0
450366001049,1,755,165
450366001049,38956,0,0
450366001049,2,184,150
450366001049,2,192,9
450366001049,38957,0,0
450366001049,2,123,168
450366001049,3,73,30
450366001049,1,1042,132
450366001049,1,105,103
450366001051,38642,0,0
450366001051,38643,0,0
450366001051,38644,0,0
450366001051,38645,0,0
450366001051,38646,0,0
450366001051,38647,0,0
450366001051,38648,0,0
450366001051,1,768,76
450366001051,38649,0,0
450366001051,38650,0,0
450366001051,38651,0,0
450366001051,38652,0,0
450366001051,2,230,2
450366001051,1,606,28
450366001051,38653,0,0
450366001051,38654,0,0
450366001051,1,48,32
450366001051,1,796,3
450366001051,38655,0,0
450366001051,3,129,42
450366001051,38656,0,0
450366001051,38657,0,0
450366001051,38658,0,0
450366001051,38659,0,0
450366001051,2,40,192
450366001051,1,353,12
450366001051,3,1007,132
450366001051,151,0,38
450366001051,38660,0,0
450366001051,2,1172,95
450366001051,2,168,4
450366001051,2,464,125
450366001051,1,470,30
450366001051,1,403,125
450366001051,2,324,139
450366001051,1,164,66
450366001051,2,435,50
450366001051,2,741,132
450366001051,1,112,155
450366001051,1,925,192
450366001051,38661,0,0
450366001051,38662,0,0
450366001051,3,49,53
450366001051,1,266,23
450366001051,2,40,181
450366001051,2,99,110
450366001051,38663,0,0
450366001051,38664,0,0
450366001051,1,197,68
450366001051,1,530,98
450366001051,38665,0,0
450366001051,3,188,119
450366001051,38666,0,0
450366001051,1,57,123
450366001051,1,444,178
450366001052,1,59,4
450366001052,2,176,145
450366001052,2,382,30
450366001052,37949,0,0
450366001052,1,329,155
450366001052,2,408,30
450366001052,2,584,119
450366001052,1,84,76
450366001052,1,1054,157
450366001052,37950,0,0
450366001052,37951,0,0
450366001052,37952,0,0
450366001052,2,153,30
450366001052,2,418,159
450366001052,4,175,22
450366001052,1,371,133
450366001052,1,106,105
450366001052,1,220,139
450366001052,1,82,95
450366001052,1,1376,137
450366001052,2,369,32
450366001052,37953,0,0
450366001052,2,327,66
450366001052,1,428,19
450366001052,1,730,69
450366001052,1,264,191
450366001052,2,502,19
450366001052,37954,0,0
450366001052,2,500,181
450366001052,148,0,111
450366001052,1,48,42
450366001052,1,193,38
450366001052,1,269,125
450366001052,3,499,21
450366001052,37955,0,0
450366001052,37956,0,0
450366001052,2,269,76
450366001052,1,499,4
450366001052,2,94,130
450366001052,1,822,11
450366001052,1,210,192
450366001052,37957,0,0
450366001052,1,240,189
450366001052,1,76,46
450366001052,37958,0,0
450366001052,1,903,23
450366001052,37959,0,0
450366001052,2,318,30
450366001052,3,280,114
450366001052,1,233,140
450366001052,1,489,98
450366001052,1,586,46
450366001052,2,432,169
450366001052,1,790,111
450366001052,2,965,76
450366001052,37960,0,0
450366001052,37961,0,0
450366001052,37962,0,0
450366001052,37963,0,0
450366001052,37964,0,0
450366001052,1,111,183
450366001052,37965,0,0
450366001052,37966,0,0
450366001052,37967,0,0
450366001052,37968,0,0
450366001052,37969,0,0
450366001052,1,26,131
450366001052,37970,0,0
450366001052,37971,0,0
450366001052,3,860,23
450366001052,37972,0,0
450366001052,1,189,138
450366001052,37973,0,0
450366001052,2,634,76
450366001052,1,285,12
450366001052,37974,0,0
450366001052,1,104,16
450366001052,2,102,169
450366001052,1,221,72
450366001052,37975,0,0
450366001052,1,442,125
450366001052,2,560,154
450366001052,1,35,102
450366001052,37976,0,0
450366001052,1,138,158
450366001052,1,180,56
450366001052,1,271,27
450366001052,37977,0,0
450366001052,2,131,141
450366001052,2,419,32
450366001052,2,498,5
450366001052,1,51,18
450366001052,3,744,177
450366001052,37978,0,0
450366001052,37979,0,0
450366001052,1,139,125
450366001052,2,375,137
450366001052,37980,0,0
450366001052,1,518,81
450366001052,3,48,119
450366001052,2,751,116
450366001052,2,96,19
450366001052,2,563,189
450366001052,37981,0,0
450366001052,1,546,46
450366001052,2,42,99
450366001052,1,1538,177
450366001052,1,136,175
450366001052,37982,0,0
450366001052,1,450,9
450366001052,1,651,76
450366001052,2,462,183
450366001052,1,329,191
450366001052,1,358,13
450366001052,37983,0,0
450366001052,1,196,179
450366001052,37984,0,0
450366001052,37985,0,0
450366001052,2,907,76
450366001052,37986,0,0
450366001052,1,270,59
450366001052,3,221,32
450366001052,37987,0,0
450366001052,1,278,28
450366001052,1,104,9
450366001052,1,712,4
450366001052,1,340,13
450366001052,2,87,141
450366001052,1,131,141
450366001583,38094,0,0
450366001583,1,11,158
450366001583,38095,0,0
450366001583,38096,0,0
450366001583,2,175,166
450366001583,38097,0,0
450366001583,1,20,158
450366001583,38098,0,0
450366001583,2,258,9
450366001583,38099,0,0
450366001583,38100,0,0
450366001664,1,563,4
450366001664,1,325,68
450366001664,38326,0,0
450366001664,38327,0,0
450366001664,38328,0,0
450366001664,38329,0,0
450366001664,38330,0,0
450366001664,2,300,37
450366001664,1,3,12
450366001664,2,159,19
450366001664,38331,0,0
450366001664,38332,0,0
450366001664,1,352,125
450366001664,38333,0,0
450366001664,38334,0,0
450366001664,38335,0,0
450366001664,38336,0,0
450366001664,1,260,161
450366001664,1,28,4
450366001664,38337,0,0
450366001664,38338,0,0
450366001664,2,420,48
450366001664,38339,0,0
450366001664,38340,0,0
450366001664,2,1449,192
450366001664,38341,0,0
450366001664,2,633,111
450366001664,1,302,77
450366001664,38342,0,0
450366001664,1,522,104
450366001664,2,239,1
450366001664,38343,0,0
450366001664,38344,0,0
450366001664,2,522,4
450366001710,2,662,95
450366001710,1,28,170
450366001710,1,135,68
450366001710,38907,0,0
450366001710,1,76,139
450366001710,1,341,70
450366001710,1,344,189
450366001710,38908,0,0
450366001710,1,172,39
450366001710,1,379,72
450366001710,10,235,51
450366001710,2,56,158
450366001710,1,185,12
450366001710,1,469,31
450366001710,1,202,138
450366001710,1,490,76
450366001710,1,566,98
450366001710,38909,0,0
450366001710,1,432,71
450366001710,38910,0,0
450366001710,38911,0,0
450366001710,1,55,190
450366001710,38912,0,0
450366001710,38913,0,0
450366001710,1,83,59
450366001710,38914,0,0
450366001710,38915,0,0
450366001710,38916,0,0
450366001710,186,0,182
450366001710,38917,0,0
450366001710,2,437,137
450366001710,2,503,132
450366001710,1,55,9
450366001710,38918,0,0
450366001710,1,898,161
450366001710,2,494,174
450366001710,38919,0,0
450366001710,1,92,181
450366001710,1,323,127
450366001710,1,161,21
450366001710,38920,0,0
450366001710,1,346,28
450366001710,38921,0,0
450366001710,2,55,88
450366001710,1,218,8
450366001710,1,224,59
450366001710,1,82,141
450390101541,3,397,87
450390101541,2,539,30
450390101541,2,335,51
450390101541,2,116,139
450390101541,2,269,183
450390101541,1,481,131
450390101541,37852,0,0
450390101541,37853,0,0
450390101541,37854,0,0
450390101541,37855,0,0
450390101541,37856,0,0
450390101541,1,84,35
450390101541,37857,0,0
450390101541,1,448,189
450390101541,37858,0,0
450390101541,2,135,70
450390101541,2,655,122
450390101541,1,599,92
450390101541,37859,0,0
450390101541,2,249,4
450390101541,2,140,125
450390101541,1,155,21
450390101541,37860,0,0
450390101541,37861,0,0
450390101541,37862,0,0
450390101541,4,662,116
450390101541,1,181,166
450390101541,37863,0,0
450390101541,37864,0,0
450390101541,2,302,70
450390101541,1,50,169
450390101541,37865,0,0
450390101541,2,267,91
450390101541,37866,0,0
450390101541,2,293,56
450390101541,1,244,32
450390101541,1,121,4
450390101541,2,551,192
450390101541,37867,0,0
450390101541,2,14,189
450390101541,1,112,118
450390101541,2,29,71
450390101639,1,23,147
450390101639,38958,0,0
450390101639,38959,0,0
450390101639,38960,0,0
450390101639,2,58,84
450390101639,55,0,184
450390101639,38961,0,0
450390101639,38962,0,0
450390101639,2,569,127
450390101639,1,81,1
450390101639,1,318,1
450390101639,2,85,180
450390101639,3,1197,75
450390101639,38963,0,0
450390101639,2,556,23
450390101639,38964,0,0
450390101639,38965,0,0
450390101639,2,393,178
450390101639,1,303,138
450390101639,2,336,19
450390101639,2,618,3
450390101639,2,428,37
450390101639,2,1,130
450390101639,38966,0,0
450390101639,38967,0,0
450390101639,2,387,148
450390101639,2,14,174
450390101639,38968,0,0
450390101639,1,655,177
450390101639,1,153,139
450390101639,2,87,60
450390101639,1,262,124
450390101639,38969,0,0
450390101639,38970,0,0
450390101639,38971,0,0
450390101639,38972,0,0
450390101639,38973,0,0
450390101639,3,982,192
450390101639,38974,0,0
450390101639,1,99,1
450390101639,38975,0,0
450390101639,2,1605,177
450390101639,2,461,92
450390101639,38976,0,0
450390101639,2,596,76
450390101639,38977,0,0
450390101639,2,193,141
450390101639,2,585,137
450390101639,38978,0,0
450390101639,1,425,159
450390101639,38979,0,0
450390101639,2,888,164
450390101639,38980,0,0
450390101639,38981,0,0
450390101639,2,266,165
450390101639,38982,0,0
450390101639,38983,0,0
450390101639,1,745,120
450390101639,38984,0,0
450390101639,38985,0,0
450390101639,38986,0,0
450390101639,38987,0,0
450390101639,2,289,169
450390101639,2,161,175
450390101639,38988,0,0
450390101639,38989,0,0
450390101639,38990,0,0
450390101639,1,1258,177
450390101639,38991,0,0
450390101639,1,248,122
450390101639,2,534,152
450390101639,2,749,16
450390101639,2,209,77
450390101639,38992,0,0
450390101639,1,54,134
450390101639,1,574,11
450390101639,38993,0,0
450390101639,38994,0,0
450390101639,38995,0,0
450390101639,2,1062,137
450390101639,38996,0,0
450390101639,38997,0,0
450390101639,1,203,74
450390101639,1,48,70
450390101639,1,31,59
450390101639,2,624,80
450390101639,2,1380,192
450390101639,2,392,22
450390101722,38774,0,0
450390101722,38775,0,0
450390101722,1,384,192
450390101722,38776,0,0
450390101722,1,225,87
450390101722,38777,0,0
450390101722,38778,0,0
450390101722,38779,0,0
450390101722,3,509,104
450390101722,2,652,174
450390101722,2,517,111
450390101722,2,320,183
450390101722,38780,0,0
450390101722,38781,0,0
450390101722,38782,0,0
450390101722,1,135,164
450390101722,2,244,32
450390101722,38783,0,0
450390101722,38784,0,0
450390101722,38785,0,0
450390101722,38786,0,0
450390101722,38787,0,0
450390101722,2,71,13
450390101722,2,1055,192
450390101722,38788,0,0
