Geo,B11016:Family households:2-person household,B11016:Family households:3-person household,B11016:Family households:4-person household,B11016:Family households:5-person household,B11016:Family households:6-person household,B11016:Family households:7-or-more person household,B11016:Nonfamily households:1-person household,B11016:Nonfamily households:2-person household,B11016:Nonfamily households:3-person household,B11016:Nonfamily households:4-person household,B11016:Nonfamily households:5-person household,B11016:Nonfamily households:6-person household,B11016:Nonfamily households:7-or-more person household,B23009:With own children of the householder under 18 years:Married-couple family:No workers,B23009:With own children of the householder under 18 years:Married-couple family:1 worker,B23009:With own children of the householder under 18 years:Married-couple family:2 workers:,B23009:With own children of the householder under 18 years:Married-couple family:3 or more workers:,B23009:With own children of the householder under 18 years:Other family:Unmarried householder:No workers,B23009:With own children of the householder under 18 years:Other family:Unmarried householder:1 worker,B23009:With own children of the householder under 18 years:Other family:Unmarried householder:2 workers,B23009:With own children of the householder under 18 years:Other family:Unmarried householder:3 or more workers,B23009:No own children of the householder under 18 years:Married-couple family:No workers,B23009:No own children of the householder under 18 years:Married-couple family:1 worker,B23009:No own children of the householder under 18 years:Married-couple family:2 workers:,B23009:No own children of the householder under 18 years:Married-couple family:3 or more workers:,B23009:No own children of the householder under 18 years:Other family:Unmarried householder:No workers,B23009:No own children of the householder under 18 years:Other family:Unmarried householder:1 worker,B23009:No own children of the householder under 18 years:Other family:Unmarried householder:2 workers,B23009:No own children of the householder under 18 years:Other family:Unmarried householder:3 or more workers,B11004:Married-couple family:With related children of the householder under 18 years:Under 6 years only,B11004:Married-couple family:With related children of the householder under 18 years:Under 6 years and 6 to 17 years,B11004:Married-couple family:With related children of the householder under 18 years:6 to 17 years only,B11004:Married-couple family:No related children of the householder under 18 years,B11004:Other family:Unmarried householder:With related children of the householder under 18 years:Under 6 years only,B11004:Other family:Unmarried householder:With related children of the householder under 18 years:Under 6 years and 6 to 17 years,B11004:Other family:Unmarried householder:With related children of the householder under 18 years:6 to 17 years only,B11004:Other family:Unmarried householder:No related children of the householder under 18 years,B11012:Two-partner household:With children of the householder under 18 years,B11012:Two-partner household:With no children of the householder under 18 years,B11012:Single householder:Living alone,B11012:Single householder:With own children under 18 years,"B11012:Single householder:With relatives, no own children under 18 years",B11012:Single householder:With only nonrelatives present,B09018:,B09018:Grandchild,B09021:18 to 34 years:Lives alone,B09021:18 to 34 years:Householder living with partner or partner of householder,B09021:18 to 34 years:Child of householder,B09021:18 to 34 years:Other relatives,B09021:18 to 34 years:Other nonrelatives,B09021:35 to 64 years:Lives alone,B09021:35 to 64 years:Householder living with partner or partner of householder,B09021:35 to 64 years:Child of householder,B09021:35 to 64 years:Other relatives,B09021:35 to 64 years:Other nonrelatives,B09021:65 years and over:Lives alone,B09021:65 years and over:Householder living with partner or partner of householder,B09021:65 years and over:Other relatives,B09021:65 years and over:Other nonrelatives,B19001:q1_1,B19001:q1_2,B19001:q1_3,B19001:q2,B19001:q3,B19001:q4,B19001:q5,B22010:Household received Food Stamps/SNAP in the past 12 months:,C24030:AGR_EXT,C24030:CON,C24030:MFG,C24030:WHL,C24030:RET,C24030:TRN_UTL,C24030:INF,C24030:FIN,C24030:PRF,C24030:EDU,C24030:MED,C24030:ENT_art,C24030:ENT_food,C24030:SRV,C24030:ADM_MIL,B25006:Householder who is Black or African American alone,B11001H:Householder white non-hispanic,B11001I:Householder hispanic any race
450830213023,227,98,82,37,6,0,60,0,0,0,0,0,0,0,26,127,0,6,0,0,0,38,74,118,14,0,9,38,0,0,61,92,244,0,6,0,47,153,244,60,6,47,0,341,0,0,45,115,0,0,0,521,29,26,0,60,229,27,0,6,23,43,46,121,51,220,0,0.0,81.0,54.0,36.0,64.0,27.0,8.0,38.0,134.0,60.0,125.0,15.0,18.0,37.0,16.0,7,489,0
450830213022,40,6,34,0,10,0,36,6,0,0,0,0,0,0,13,11,10,0,0,0,0,18,28,0,0,0,0,0,10,24,0,10,46,10,0,0,0,34,46,36,0,10,6,73,11,0,46,42,0,0,0,27,8,10,0,36,85,13,14,13,8,19,6,48,22,16,13,0.0,8.0,17.0,0.0,30.0,0.0,0.0,0.0,23.0,0.0,12.0,10.0,46.0,0.0,0.0,0,119,13
450830217003,160,218,53,19,57,0,191,9,0,0,0,0,0,0,32,19,0,10,217,36,0,33,53,39,0,0,23,34,11,32,0,41,103,138,98,35,60,113,134,191,201,59,9,688,65,37,183,168,173,0,130,243,26,128,24,24,71,17,0,129,200,119,187,72,0,0,297,0.0,0.0,244.0,0.0,52.0,46.0,24.0,8.0,59.0,33.0,134.0,1.0,149.0,14.0,74.0,517,140,50
450830212003,134,18,62,22,7,0,259,80,21,0,0,0,0,0,17,83,0,0,10,0,0,11,15,66,0,31,0,10,0,35,46,19,92,0,0,10,41,100,172,259,10,41,21,242,0,39,225,70,0,80,88,297,0,20,0,132,36,31,0,21,52,115,119,202,58,36,44,2.0,0.0,54.0,49.0,56.0,8.0,0.0,20.0,83.0,124.0,172.0,10.0,29.0,0.0,38.0,39,541,0
450830212002,154,80,49,33,0,0,168,7,0,0,0,0,0,0,7,111,15,0,10,6,0,41,17,75,0,28,0,6,0,45,16,72,133,10,0,6,34,133,140,168,16,34,0,267,0,48,80,10,0,0,84,306,13,50,0,36,153,58,0,35,37,24,85,146,61,103,26,0.0,32.0,114.0,16.0,31.0,0.0,0.0,77.0,52.0,54.0,92.0,24.0,17.0,65.0,10.0,7,484,7
450830203012,49,8,0,0,0,0,124,0,0,0,0,0,0,0,8,0,0,0,12,0,0,6,0,9,0,6,16,0,0,8,0,0,15,12,0,0,22,8,15,124,12,22,0,20,0,0,26,0,19,0,76,23,0,43,0,48,0,0,0,50,69,46,16,0,0,0,85,0.0,0.0,22.0,0.0,11.0,0.0,0.0,0.0,0.0,0.0,16.0,0.0,22.0,0.0,0.0,120,47,0
450830203013,0,16,5,0,0,0,0,0,0,0,0,0,0,0,0,16,0,0,0,0,0,0,0,0,0,0,0,5,0,0,0,16,0,0,0,0,5,16,5,0,0,0,0,17,0,0,0,9,0,0,0,39,0,9,0,0,5,0,0,0,0,0,0,21,0,0,0,0.0,0.0,3.0,0.0,15.0,0.0,0.0,1.0,5.0,27.0,1.0,2.0,13.0,6.0,6.0,21,0,0
450830204002,29,48,35,6,0,12,69,15,0,0,0,0,0,0,0,0,7,6,33,16,0,6,6,6,7,7,20,10,6,0,7,13,12,0,5,50,43,12,25,69,50,43,15,171,31,0,0,29,44,15,42,58,74,79,22,27,18,53,0,16,68,22,74,28,0,6,60,0.0,7.0,101.0,6.0,38.0,21.0,0.0,6.0,1.0,14.0,28.0,0.0,25.0,0.0,0.0,164,34,16
450830213033,92,81,50,13,0,0,390,32,0,0,0,0,0,0,13,29,21,0,24,13,0,21,19,32,17,27,20,0,0,13,29,21,89,0,0,37,47,87,97,390,13,47,24,154,0,96,143,52,0,5,206,140,26,97,53,88,88,37,0,20,74,197,209,83,44,31,13,0.0,0.0,81.0,40.0,95.0,34.0,0.0,45.0,51.0,33.0,147.0,44.0,119.0,30.0,0.0,71,522,0
450830213034,101,91,11,40,0,0,115,19,0,0,0,0,0,0,22,0,40,0,71,0,0,32,55,9,0,0,14,0,0,22,11,29,96,0,0,71,14,62,115,115,71,14,0,263,0,0,66,39,0,0,43,173,0,114,0,72,108,14,0,16,32,39,198,69,0,23,11,0.0,16.0,3.0,9.0,69.0,51.0,0.0,39.0,49.0,26.0,87.0,0.0,50.0,11.0,0.0,63,314,0
450830213035,258,18,37,41,0,0,249,0,0,0,0,0,0,0,0,60,0,0,16,0,0,128,103,45,0,2,0,0,0,21,0,39,276,0,2,16,0,76,276,249,0,2,0,208,4,90,39,10,2,17,31,330,3,0,0,128,341,2,0,19,22,66,133,195,133,35,21,0.0,0.0,47.0,70.0,17.0,0.0,16.0,19.0,71.0,81.0,42.0,0.0,30.0,0.0,0.0,7,515,48
450830206021,270,104,66,51,9,0,307,21,6,0,0,0,0,0,11,45,9,15,59,3,0,36,54,116,31,4,14,79,24,11,5,61,225,56,27,13,102,87,258,307,55,121,6,380,38,127,206,236,90,24,125,333,44,104,6,55,145,43,0,46,59,139,398,133,56,3,79,0.0,30.0,352.0,10.0,170.0,89.0,42.0,16.0,64.0,97.0,141.0,17.0,85.0,30.0,29.0,376,359,51
450830213021,145,34,30,13,10,0,104,13,0,0,0,0,0,0,0,20,10,0,57,0,13,27,24,43,5,26,7,0,0,14,0,16,99,22,15,40,26,43,112,104,57,33,0,190,17,18,46,46,0,13,59,160,46,65,0,27,104,25,0,10,0,66,103,90,73,7,0,0.0,13.0,69.0,0.0,39.0,0.0,0.0,0.0,74.0,59.0,70.0,17.0,40.0,38.0,16.0,0,325,24
450830218023,10,13,24,8,0,0,0,10,0,0,0,0,0,0,0,0,0,8,13,15,0,10,0,0,9,0,0,0,0,0,0,0,19,0,13,23,0,8,19,0,28,0,10,68,0,0,0,52,13,13,0,37,0,15,0,0,20,0,23,21,20,0,15,0,9,0,31,0.0,0.0,0.0,28.0,12.0,0.0,13.0,9.0,0.0,0.0,36.0,0.0,0.0,0.0,0.0,0,28,37
450830218022,116,80,116,23,76,9,191,9,0,13,5,0,0,0,27,59,20,94,64,0,0,52,10,32,6,10,13,24,9,27,40,45,94,36,91,49,38,162,109,191,102,56,18,714,34,11,279,106,74,41,162,222,79,127,0,18,18,19,43,141,188,151,120,38,0,0,180,0.0,112.0,170.0,10.0,63.0,36.0,0.0,38.0,91.0,8.0,49.0,0.0,44.0,66.0,19.0,54,382,151
450830219012,112,87,149,32,17,18,114,0,0,0,0,0,0,0,55,66,18,0,46,0,0,16,6,73,0,0,73,44,18,0,76,63,95,0,17,76,88,178,110,114,7,120,0,511,140,16,131,348,61,0,49,375,45,79,0,49,88,48,0,65,33,96,245,62,28,0,109,0.0,38.0,153.0,0.0,175.0,49.0,61.0,0.0,127.0,33.0,45.0,51.0,34.0,95.0,0.0,194,250,52
450830219011,51,25,17,77,16,0,177,0,0,0,0,0,0,0,0,59,0,0,0,18,0,0,51,0,33,0,0,25,0,0,51,24,68,8,18,0,17,59,84,177,18,25,0,229,58,0,68,68,18,0,127,109,63,66,0,50,104,22,0,0,125,69,92,41,36,0,59,0.0,109.0,112.0,8.0,44.0,0.0,0.0,0.0,59.0,17.0,0.0,0.0,59.0,0.0,0.0,59,304,0
450830219022,173,74,18,27,0,0,29,0,0,0,0,0,0,0,18,0,47,0,0,0,0,56,47,76,34,14,0,0,0,0,0,65,213,0,0,14,0,65,213,29,0,14,0,122,0,0,0,52,34,33,12,303,0,0,0,17,245,14,0,11,0,34,33,103,87,53,0,0.0,13.0,68.0,0.0,86.0,8.0,0.0,71.0,46.0,32.0,61.0,29.0,20.0,27.0,0.0,0,277,10
450830219021,298,211,29,38,6,0,215,9,0,0,0,0,0,0,16,84,66,0,21,0,0,49,87,57,39,68,37,52,6,63,0,119,216,25,0,33,126,166,241,215,21,163,0,370,54,63,211,196,96,0,89,449,50,178,0,63,161,63,0,0,98,240,169,192,88,19,0,0.0,7.0,234.0,40.0,218.0,21.0,36.0,128.0,38.0,84.0,72.0,0.0,125.0,54.0,62.0,221,551,6
450830231011,189,39,33,66,3,0,152,15,0,0,0,0,0,0,11,47,0,0,76,45,0,5,14,87,8,25,12,0,0,0,11,47,114,27,25,69,37,105,114,152,74,37,15,364,0,15,111,30,29,4,28,311,7,100,36,109,26,30,0,97,112,39,208,22,19,0,109,0.0,31.0,41.0,5.0,95.0,8.0,45.0,7.0,29.0,43.0,10.0,0.0,82.0,88.0,54.0,74,412,0
450830231013,101,36,29,0,0,0,75,31,0,0,0,0,0,0,0,20,0,0,43,0,0,21,0,48,23,0,11,0,0,0,0,26,86,0,0,43,11,20,92,75,43,11,31,79,6,0,84,37,82,0,56,87,8,11,71,19,48,0,0,52,10,32,86,64,28,0,43,0.0,9.0,76.0,56.0,0.0,10.0,0.0,0.0,13.0,0.0,71.0,0.0,41.0,23.0,45.0,11,238,0
450830231012,55,189,62,9,54,0,229,18,0,0,0,0,0,0,24,96,0,0,161,9,0,8,16,55,0,0,0,0,0,48,0,72,79,101,39,30,0,230,97,229,60,0,0,622,18,0,419,11,60,23,139,215,0,23,9,90,35,0,0,38,27,201,276,54,20,0,84,0.0,0.0,158.0,0.0,104.0,114.0,0.0,16.0,88.0,53.0,9.0,0.0,121.0,21.0,0.0,246,321,49
450830231023,245,62,97,12,0,0,66,12,0,0,0,0,0,0,17,73,8,0,0,16,14,47,32,83,0,49,22,55,0,14,0,84,162,30,0,63,63,114,174,66,14,126,0,295,9,0,180,84,28,7,39,246,30,155,0,27,155,42,0,63,27,87,133,145,39,0,68,0.0,0.0,110.0,31.0,56.0,36.0,0.0,77.0,96.0,66.0,119.0,14.0,0.0,57.0,8.0,126,360,8
450830231024,245,123,37,50,0,6,166,0,0,6,0,0,0,0,66,57,15,0,11,0,0,68,68,105,5,26,5,30,5,59,12,73,240,5,0,16,56,143,246,166,6,66,6,257,30,11,147,79,21,0,40,472,41,62,25,115,150,78,6,0,233,120,226,31,23,0,64,0.0,12.0,163.0,0.0,39.0,86.0,0.0,0.0,5.0,23.0,120.0,0.0,127.0,24.0,4.0,216,399,3
450830239003,180,133,81,15,49,0,166,26,0,0,0,0,0,0,32,33,34,0,45,0,0,69,109,17,47,4,16,45,7,23,58,65,195,11,14,35,57,110,268,166,34,72,0,459,164,6,84,183,36,0,91,491,57,95,0,69,186,13,0,37,105,85,272,101,50,0,73,6.0,13.0,158.0,41.0,92.0,34.0,13.0,47.0,17.0,21.0,150.0,0.0,82.0,119.0,30.0,108,480,18
450830232022,121,62,39,52,34,0,135,40,0,0,0,0,0,0,34,72,20,0,0,0,0,9,46,64,15,0,0,25,23,54,7,65,134,23,0,4,21,126,197,135,0,25,0,278,41,0,130,183,67,0,107,507,0,25,0,28,18,0,0,0,39,32,255,106,40,11,4,0.0,202.0,275.0,0.0,120.0,44.0,0.0,0.0,82.0,12.0,27.0,28.0,9.0,19.0,0.0,41,358,61
450830232021,90,31,13,0,0,0,134,0,0,0,0,0,0,0,19,7,0,0,3,0,0,12,21,40,0,0,9,23,0,0,7,34,58,0,3,0,32,26,73,134,3,32,0,59,12,0,14,0,3,0,79,115,30,12,0,55,63,32,0,11,58,47,124,28,0,0,3,0.0,27.0,40.0,29.0,33.0,14.0,0.0,11.0,0.0,0.0,0.0,0.0,22.0,0.0,15.0,73,176,12
450830228012,331,94,55,53,0,0,128,0,0,0,0,0,0,0,32,65,21,0,0,0,0,104,174,101,21,0,0,0,15,25,34,80,379,0,0,0,15,118,400,128,0,15,0,264,41,0,65,48,0,0,62,564,110,15,0,66,403,0,0,18,32,53,216,250,92,0,17,0.0,60.0,51.0,53.0,87.0,60.0,27.0,9.0,97.0,52.0,94.0,0.0,103.0,40.0,10.0,0,629,32
450830228011,198,60,9,0,0,32,278,16,0,0,0,0,0,0,26,0,0,0,0,0,45,56,70,30,24,0,0,48,0,6,26,0,174,0,0,45,48,26,196,278,45,48,0,309,11,75,76,78,0,0,68,191,90,36,7,135,170,57,0,65,186,100,150,92,0,0,43,0.0,45.0,131.0,0.0,45.0,31.0,0.0,29.0,10.0,24.0,143.0,0.0,84.0,62.0,0.0,223,342,15
450830228013,170,71,93,75,16,38,54,17,0,0,0,0,0,0,25,196,27,0,0,0,0,14,39,131,31,0,0,0,0,45,60,159,199,0,0,0,0,248,232,54,0,0,0,675,37,0,105,70,78,0,54,822,0,30,0,0,42,15,0,20,25,40,80,176,158,35,13,0.0,63.0,86.0,60.0,147.0,107.0,0.0,37.0,80.0,105.0,128.0,61.0,25.0,92.0,0.0,56,450,13
450830206011,158,125,137,0,66,0,152,77,36,0,0,0,0,0,0,75,66,0,89,0,0,35,0,36,31,6,65,68,15,38,48,55,102,70,0,102,71,163,164,152,67,154,51,490,94,22,286,167,218,185,67,275,16,215,0,63,70,72,20,68,112,139,228,187,17,0,174,0.0,0.0,173.0,12.0,125.0,126.0,25.0,80.0,65.0,110.0,119.0,0.0,84.0,104.0,0.0,294,313,71
450830206012,104,24,17,49,0,0,106,17,0,0,0,0,0,0,0,19,0,0,56,13,0,31,0,0,0,5,0,70,0,0,19,0,31,28,41,0,75,19,31,106,69,75,17,228,0,8,45,102,71,23,21,13,7,135,18,77,45,26,0,24,49,66,126,6,46,0,68,0.0,19.0,145.0,0.0,46.0,0.0,33.0,26.0,15.0,0.0,18.0,0.0,8.0,18.0,13.0,160,148,9
450830206033,84,60,50,34,0,0,78,0,0,0,0,0,0,0,24,18,0,9,9,11,0,27,10,63,8,29,20,0,0,16,68,10,56,11,0,18,49,51,119,78,20,38,0,221,84,0,46,127,11,0,29,223,14,38,0,49,75,22,0,79,0,100,81,26,10,10,59,0.0,14.0,69.0,0.0,36.0,17.0,0.0,18.0,40.0,19.0,0.0,0.0,9.0,28.0,32.0,146,160,0
450830206031,168,24,19,0,0,10,67,11,0,0,0,0,0,0,8,0,10,0,35,0,0,17,0,92,0,21,9,29,0,0,10,8,109,0,0,46,48,26,120,67,27,59,0,93,25,19,9,51,22,0,29,230,50,94,0,19,51,15,0,15,68,61,87,68,0,0,80,0.0,17.0,124.0,45.0,17.0,11.0,0.0,0.0,42.0,0.0,39.0,0.0,110.0,11.0,10.0,108,114,67
450830213012,182,104,0,0,0,0,415,67,0,0,0,0,0,0,32,20,0,0,44,0,0,34,9,69,0,16,39,23,0,34,0,18,112,36,0,8,78,52,163,415,44,78,16,139,0,9,151,74,79,0,69,190,0,60,13,337,91,26,27,74,131,233,200,130,0,0,77,0.0,0.0,140.0,34.0,25.0,14.0,0.0,53.0,24.0,51.0,47.0,0.0,7.0,63.0,21.0,200,506,53
450830220041,38,46,62,0,0,0,92,36,0,0,0,0,0,0,0,17,0,0,95,0,0,12,0,13,0,0,0,9,0,0,17,0,25,0,34,61,9,62,61,92,50,9,0,227,0,0,107,10,47,0,48,108,0,12,0,44,31,18,0,34,55,25,74,75,0,11,93,0.0,0.0,95.0,0.0,34.0,0.0,6.0,7.0,35.0,12.0,45.0,0.0,0.0,12.0,13.0,79,189,0
450830220043,123,51,21,35,0,0,111,6,0,0,0,0,0,14,0,21,0,0,22,0,0,75,15,48,35,0,0,0,0,35,0,35,138,0,0,22,0,35,179,111,22,0,0,121,34,0,0,112,0,0,87,182,0,22,0,24,210,0,28,32,109,30,141,35,0,0,20,0.0,6.0,166.0,0.0,56.0,0.0,0.0,0.0,35.0,0.0,20.0,0.0,6.0,12.0,0.0,55,174,6
450830223023,305,94,78,84,0,0,152,0,0,0,0,0,0,0,0,85,20,0,11,0,0,93,33,136,0,0,23,123,37,0,24,81,262,41,0,34,119,105,303,152,11,142,0,325,84,55,0,294,0,0,55,717,0,194,55,42,102,23,0,35,56,71,226,235,33,57,38,0.0,137.0,151.0,32.0,133.0,0.0,52.0,59.0,79.0,102.0,127.0,0.0,81.0,58.0,50.0,0,689,0
450830223022,66,64,115,0,24,0,155,8,0,0,0,0,0,0,42,22,93,0,14,0,0,0,11,55,0,32,0,0,0,18,5,134,66,0,7,14,25,157,66,155,14,32,8,273,14,21,15,112,32,0,97,440,31,52,20,37,7,25,0,50,82,45,161,90,4,0,49,0.0,12.0,55.0,0.0,180.0,29.0,0.0,6.0,55.0,17.0,55.0,17.0,32.0,93.0,110.0,0,432,0
450830223021,222,42,41,44,0,0,143,39,0,0,0,0,0,0,0,48,24,0,0,0,0,12,126,32,34,16,40,17,0,7,37,41,191,0,0,0,73,72,243,143,0,73,0,185,22,0,106,90,0,0,46,352,35,30,8,97,165,81,0,0,184,59,130,111,30,17,0,0.0,0.0,130.0,56.0,122.0,81.0,0.0,0.0,12.0,0.0,45.0,0.0,40.0,112.0,12.0,35,472,0
450830234041,613,384,512,56,45,3,178,48,0,0,0,0,0,18,97,389,168,52,70,15,0,79,216,314,105,2,44,44,0,180,140,374,692,23,0,160,44,672,714,178,137,90,48,1411,64,3,666,535,166,46,65,1832,57,238,61,110,253,0,0,57,230,123,514,560,292,63,33,0.0,258.0,455.0,53.0,338.0,325.0,18.0,302.0,286.0,163.0,330.0,0.0,111.0,68.0,247.0,224,1326,184
450830234042,244,217,157,61,15,3,286,66,0,2,0,0,0,0,60,151,49,0,20,11,0,72,74,137,91,0,25,6,1,113,54,113,354,0,0,31,32,263,419,286,28,32,23,650,26,21,295,186,8,0,146,822,30,54,72,119,239,58,22,41,116,116,320,292,104,62,7,0.0,75.0,302.0,29.0,95.0,70.0,37.0,84.0,137.0,58.0,214.0,31.0,31.0,118.0,3.0,175,843,27
450830220033,299,117,90,25,9,3,200,0,0,4,0,0,0,0,14,41,13,0,74,40,9,157,58,24,41,0,9,63,0,54,14,34,246,43,0,80,72,100,280,200,91,72,4,342,42,0,163,97,81,20,123,342,48,134,0,77,261,175,0,75,215,70,170,185,14,18,84,0.0,12.0,209.0,71.0,98.0,26.0,0.0,27.0,67.0,8.0,110.0,0.0,113.0,33.0,0.0,55,603,80
450830220031,159,69,113,0,5,0,100,10,0,0,0,0,0,0,17,59,11,0,36,0,0,60,38,72,7,0,27,19,0,10,0,88,166,0,36,10,36,123,187,100,0,46,0,239,26,0,104,85,10,0,9,341,55,35,0,91,175,50,0,0,30,48,123,194,53,8,36,0.0,8.0,87.0,0.0,31.0,9.0,36.0,5.0,35.0,137.0,88.0,0.0,23.0,26.0,30.0,79,362,8
450830220032,106,169,6,14,54,9,86,0,0,0,0,0,0,0,7,10,7,6,173,0,0,11,36,61,7,10,28,0,2,0,0,24,115,21,65,95,38,35,115,86,168,40,0,495,0,9,33,104,96,30,55,193,22,202,0,22,69,24,0,11,136,121,84,63,20,9,121,0.0,10.0,82.0,43.0,66.0,75.0,0.0,18.0,32.0,17.0,31.0,45.0,0.0,20.0,0.0,198,237,7
450830235002,167,49,65,76,0,56,110,0,0,0,0,0,0,0,0,152,18,0,19,56,0,48,93,19,0,8,0,0,0,35,29,116,150,0,0,75,8,226,160,110,19,8,0,701,8,0,131,96,0,67,68,514,0,27,0,42,141,0,0,27,29,48,214,142,40,23,83,0.0,15.0,136.0,55.0,59.0,0.0,0.0,18.0,25.0,104.0,119.0,8.0,11.0,84.0,6.0,19,504,0
450830239001,309,149,52,0,0,0,134,0,0,0,0,0,0,0,42,104,0,0,0,0,0,75,148,104,0,17,0,20,0,32,0,114,327,0,0,17,20,146,327,134,0,37,0,205,36,12,90,33,12,0,12,519,64,20,0,110,344,17,0,55,23,101,260,173,16,16,27,0.0,94.0,186.0,12.0,84.0,34.0,21.0,0.0,0.0,29.0,29.0,12.0,60.0,27.0,19.0,41,603,0
450830239002,192,58,95,32,38,7,238,26,20,0,0,0,0,0,50,13,52,7,39,20,3,40,26,69,26,18,30,21,8,37,32,61,146,12,9,53,72,123,188,238,61,77,19,450,69,19,152,126,82,9,124,392,37,157,53,95,80,63,0,92,104,149,242,94,25,0,106,0.0,46.0,182.0,0.0,142.0,60.0,0.0,19.0,46.0,43.0,151.0,14.0,22.0,51.0,68.0,167,517,4
450830222012,179,207,109,9,29,8,217,71,0,0,0,0,0,0,4,129,17,45,78,26,0,33,68,54,0,15,43,29,0,21,37,101,146,0,9,140,87,168,183,217,131,79,51,540,10,0,114,133,43,116,85,447,73,190,38,132,131,96,0,76,201,80,199,137,129,7,40,0.0,50.0,100.0,42.0,110.0,68.0,6.0,64.0,42.0,62.0,141.0,0.0,128.0,45.0,0.0,166,640,0
450830222013,118,110,65,34,18,10,259,0,0,0,0,0,0,0,17,111,59,0,28,0,0,30,34,22,25,0,17,12,0,0,48,154,96,11,8,9,29,187,111,259,28,29,0,451,45,53,35,72,19,0,82,410,21,38,21,124,159,25,0,8,155,98,137,70,79,67,55,0.0,0.0,159.0,0.0,113.0,23.0,0.0,29.0,138.0,95.0,88.0,43.0,56.0,29.0,29.0,42,526,0
450830226002,167,43,37,0,18,0,149,11,16,0,0,0,0,0,19,34,12,0,28,0,0,37,57,36,0,6,30,6,0,0,12,53,130,12,0,16,42,65,157,149,28,42,0,191,0,24,54,42,23,5,45,251,45,20,0,80,135,49,0,17,150,83,84,60,39,8,35,6.0,17.0,78.0,0.0,63.0,5.0,0.0,16.0,23.0,43.0,64.0,5.0,59.0,12.0,10.0,0,441,0
450830226001,162,58,38,27,0,23,105,13,0,0,0,0,0,0,35,4,20,33,15,9,15,81,35,41,5,5,10,0,0,7,28,40,146,0,0,77,10,107,175,105,24,15,0,325,40,9,95,85,6,0,50,259,22,28,0,46,215,15,0,35,62,57,170,62,12,28,39,0.0,13.0,68.0,0.0,117.0,14.0,0.0,34.0,15.0,37.0,27.0,27.0,90.0,23.0,6.0,16,395,15
450830208001,135,109,44,0,0,18,134,46,0,0,0,0,0,0,0,11,0,40,112,30,0,15,0,14,0,29,25,30,0,0,0,13,27,77,27,97,65,19,75,134,174,84,0,455,42,47,58,53,155,0,69,107,25,159,0,18,19,36,0,170,205,60,34,17,0,0,250,0.0,15.0,72.0,0.0,23.0,10.0,0.0,9.0,24.0,5.0,77.0,0.0,98.0,15.0,9.0,437,45,4
450830214021,238,90,218,44,19,11,136,24,0,0,0,0,0,0,116,119,29,0,0,12,0,49,73,72,24,28,15,45,38,55,79,139,209,29,0,21,88,264,250,136,12,118,0,551,48,39,283,290,16,0,50,560,65,121,0,47,160,91,0,65,181,35,291,146,56,6,48,9.0,39.0,307.0,56.0,120.0,78.0,0.0,75.0,66.0,111.0,85.0,0.0,73.0,13.0,49.0,168,443,117
450830214022,110,65,0,0,4,0,68,0,0,0,10,0,0,0,0,46,0,0,9,0,0,33,48,28,4,0,0,11,0,14,0,36,109,0,0,9,11,46,123,68,9,11,0,60,4,0,63,36,6,0,27,187,11,16,33,41,98,17,14,16,47,39,64,80,11,0,46,0.0,22.0,65.0,0.0,28.0,7.0,0.0,0.0,4.0,49.0,9.0,0.0,25.0,17.0,15.0,60,190,0
450830221011,229,165,23,25,13,0,121,39,0,0,0,0,0,0,46,90,0,0,0,12,0,86,96,78,13,0,0,34,0,41,0,95,273,24,0,12,10,136,304,121,12,34,8,284,28,12,75,105,0,0,34,554,6,46,13,75,251,25,8,32,41,31,159,122,65,165,0,0.0,34.0,92.0,10.0,80.0,17.0,0.0,76.0,86.0,92.0,88.0,12.0,12.0,21.0,19.0,45,564,0
450830220051,513,245,83,122,0,12,263,59,0,0,0,0,0,0,31,203,34,0,162,33,0,112,67,254,79,0,0,0,0,15,46,219,500,12,0,183,0,284,571,263,179,0,0,755,13,0,240,283,28,0,199,1089,0,167,0,64,364,44,0,19,27,198,101,531,301,120,45,21.0,144.0,420.0,87.0,101.0,29.0,42.0,65.0,134.0,158.0,265.0,0.0,231.0,19.0,26.0,198,1024,12
450830238022,239,135,64,65,0,0,146,21,0,0,0,0,0,0,39,81,27,0,0,15,0,17,80,71,33,25,44,71,0,43,0,129,176,17,0,15,123,147,252,146,15,96,14,288,32,0,0,268,21,31,37,704,31,107,0,109,90,25,0,34,136,63,230,140,58,9,0,0.0,78.0,269.0,38.0,97.0,95.0,0.0,13.0,36.0,63.0,69.0,9.0,70.0,48.0,0.0,0,638,32
450830238023,206,58,158,48,21,0,40,42,0,0,0,0,0,0,46,67,51,0,39,0,14,29,85,76,57,0,15,12,0,57,51,76,227,10,0,53,17,164,299,40,53,17,0,423,22,0,174,250,0,13,22,590,26,77,29,18,174,27,0,0,18,68,177,119,140,51,16,0.0,35.0,210.0,32.0,167.0,51.0,30.0,34.0,100.0,74.0,197.0,0.0,48.0,104.0,18.0,5,537,0
450830238021,117,64,41,10,6,45,127,0,0,0,0,0,0,0,20,51,10,0,34,0,0,67,48,40,0,0,0,0,13,10,55,16,155,0,0,34,13,81,155,127,34,13,0,370,0,0,125,82,27,0,55,176,28,42,0,72,182,43,0,0,138,38,150,76,0,8,45,0.0,6.0,161.0,0.0,38.0,0.0,0.0,0.0,41.0,27.0,67.0,45.0,0.0,0.0,0.0,7,383,0
450830220063,118,21,31,19,22,0,30,7,0,0,0,0,0,0,0,34,0,0,15,19,0,30,22,30,25,0,0,36,0,0,0,34,107,0,0,34,36,68,114,30,0,36,0,165,18,0,22,74,67,0,15,221,0,0,0,15,117,0,0,0,33,39,104,42,30,0,22,10.0,75.0,95.0,0.0,95.0,13.0,0.0,0.0,25.0,0.0,4.0,0.0,15.0,10.0,19.0,0,248,0
450830220061,111,27,104,14,0,0,194,0,0,0,0,0,0,0,0,32,61,0,114,0,0,17,16,0,0,0,0,16,0,0,0,93,33,39,0,75,16,132,33,194,75,16,0,353,0,60,127,36,30,0,106,181,0,61,0,28,19,0,0,63,137,119,64,61,6,0,123,0.0,0.0,118.0,13.0,54.0,0.0,0.0,46.0,0.0,9.0,91.0,0.0,100.0,25.0,0.0,358,63,23
450830220062,235,300,51,27,0,0,185,66,0,0,0,0,0,0,18,63,0,0,59,14,0,38,74,137,45,31,112,21,1,9,0,80,286,24,26,80,108,81,360,185,73,165,0,354,75,0,85,246,92,0,137,585,64,181,64,48,204,133,0,9,117,109,350,260,0,19,117,0.0,9.0,459.0,16.0,38.0,113.0,59.0,31.0,140.0,86.0,30.0,0.0,94.0,85.0,0.0,477,332,24
450830220072,206,50,116,33,44,0,83,14,0,0,0,0,0,0,21,83,40,8,19,0,0,25,68,88,50,0,6,41,0,25,8,130,212,9,8,10,47,152,251,83,19,41,0,396,36,0,120,234,17,17,29,557,27,51,0,54,117,0,0,13,29,46,206,176,39,37,73,0.0,107.0,116.0,54.0,82.0,9.0,27.0,28.0,38.0,69.0,259.0,0.0,47.0,16.0,50.0,225,298,17
450830220071,251,119,81,57,0,6,435,88,0,0,0,0,0,0,18,42,11,0,84,0,0,88,53,82,65,0,47,24,0,32,8,46,273,36,50,12,57,83,369,435,72,71,7,438,48,74,272,144,56,70,172,387,92,42,0,189,234,57,0,112,110,204,296,140,156,19,144,0.0,48.0,229.0,9.0,151.0,140.0,31.0,27.0,113.0,106.0,177.0,17.0,51.0,40.0,36.0,247,738,10
450830214032,224,49,50,54,62,0,113,47,0,0,0,0,0,0,62,14,0,28,61,0,0,41,83,62,1,10,23,54,0,0,117,0,146,22,16,60,78,96,216,113,69,87,18,578,106,0,145,34,113,0,70,300,118,83,52,43,158,33,0,63,92,122,290,31,1,0,167,0.0,82.0,139.0,8.0,40.0,13.0,9.0,4.0,146.0,27.0,90.0,0.0,17.0,44.0,31.0,119,306,150
450830214033,140,30,55,5,0,0,128,17,0,0,0,0,0,0,11,67,0,0,0,0,0,56,35,14,0,0,47,0,0,9,0,69,105,0,0,5,42,78,114,128,0,47,8,161,14,7,24,10,34,0,84,279,18,52,12,37,89,5,8,37,53,69,118,47,44,7,134,0.0,29.0,31.0,15.0,30.0,50.0,0.0,47.0,27.0,0.0,35.0,27.0,25.0,0.0,12.0,130,193,33
450830214031,71,65,46,0,0,21,332,47,0,0,0,0,0,0,0,57,0,0,0,18,0,9,26,44,31,0,10,0,8,0,21,57,89,0,0,18,18,57,129,332,18,18,28,188,75,21,121,132,48,71,285,248,0,60,0,26,18,25,0,51,135,188,113,58,37,0,131,0.0,0.0,248.0,30.0,90.0,28.0,0.0,19.0,68.0,36.0,203.0,0.0,62.0,4.0,0.0,254,270,42
450830224034,217,125,25,14,0,0,158,0,0,0,0,0,0,0,13,13,12,0,47,0,0,16,39,111,38,76,0,16,0,0,0,38,204,0,14,33,92,38,204,158,47,92,0,182,0,0,0,112,38,0,78,377,175,49,0,80,108,76,0,72,70,90,153,100,54,0,120,0.0,23.0,56.0,99.0,63.0,43.0,0.0,0.0,0.0,16.0,126.0,0.0,102.0,13.0,0.0,146,355,38
450830232011,357,153,112,40,0,12,214,11,0,0,0,0,0,18,40,110,11,0,41,18,0,128,103,115,31,17,20,22,0,51,11,117,377,32,0,39,47,208,388,214,30,59,0,379,22,19,113,175,53,0,102,802,94,61,0,93,273,80,0,38,127,82,290,200,140,22,86,0.0,88.0,145.0,38.0,114.0,82.0,0.0,52.0,108.0,98.0,100.0,15.0,51.0,37.0,9.0,20,820,31
450830232012,156,113,60,18,42,0,169,0,0,0,0,5,0,0,18,83,22,5,0,0,0,75,89,30,47,0,0,13,7,64,18,59,223,0,0,5,20,128,241,169,0,20,5,302,18,50,61,111,39,15,33,497,0,93,18,86,167,20,0,52,68,95,203,87,50,8,30,0.0,106.0,93.0,40.0,37.0,71.0,0.0,55.0,90.0,42.0,123.0,0.0,4.0,13.0,0.0,83,423,57
450830238012,126,68,41,14,61,0,87,14,0,0,0,0,0,0,0,34,0,42,79,0,0,17,21,83,34,0,0,0,0,10,0,24,155,18,61,42,0,95,169,87,60,0,0,356,0,0,131,67,0,0,31,297,19,60,19,56,87,0,0,42,17,105,91,104,39,13,92,0.0,0.0,56.0,32.0,22.0,21.0,15.0,14.0,53.0,118.0,71.0,0.0,27.0,0.0,13.0,0,340,61
450830238013,373,129,103,21,52,0,171,0,16,0,0,0,0,0,37,152,15,0,19,0,0,61,19,218,34,0,35,88,0,86,21,131,298,19,0,32,91,204,348,171,19,123,0,468,73,0,193,149,73,0,100,751,145,155,0,71,167,52,0,120,24,64,217,271,152,17,45,0.0,20.0,289.0,18.0,145.0,29.0,51.0,64.0,83.0,192.0,206.0,0.0,113.0,92.0,0.0,166,699,0
450830234031,372,355,286,30,69,0,244,149,15,0,0,0,0,0,64,354,123,0,46,0,0,18,142,262,14,0,89,0,0,191,92,258,436,45,0,46,44,541,623,244,46,44,22,1003,49,19,511,372,0,53,94,1501,45,174,0,131,317,66,0,41,124,114,273,612,244,112,20,0.0,0.0,575.0,131.0,241.0,136.0,71.0,139.0,234.0,156.0,196.0,0.0,223.0,77.0,31.0,233,1084,95
450830234033,311,121,101,92,42,16,321,76,0,0,0,0,0,0,29,131,56,0,105,20,0,90,61,154,11,14,7,5,0,91,14,111,316,53,27,55,16,317,356,321,24,26,36,742,14,60,454,91,24,34,163,626,14,50,85,98,262,58,9,16,31,118,349,412,109,45,14,1.0,89.0,220.0,14.0,91.0,68.0,6.0,152.0,211.0,182.0,245.0,0.0,55.0,68.0,25.0,75,952,29
450830230014,371,115,93,60,15,30,184,143,12,0,0,0,0,0,102,121,27,0,20,3,5,102,98,116,35,0,0,55,0,109,87,54,351,17,0,11,55,273,453,184,5,55,53,605,0,39,327,195,44,141,76,748,0,64,0,69,343,0,0,34,56,79,403,377,59,15,91,0.0,54.0,382.0,45.0,58.0,66.0,44.0,33.0,75.0,0.0,220.0,14.0,156.0,198.0,32.0,33,898,24
450830230013,107,120,258,0,25,0,28,0,0,0,0,0,0,0,52,242,44,0,22,0,0,31,49,19,0,9,29,13,0,55,27,256,99,0,0,31,42,338,112,28,22,38,0,526,0,0,97,255,0,0,14,651,19,44,13,14,133,16,0,0,14,71,132,153,168,0,45,0.0,47.0,57.0,68.0,42.0,230.0,0.0,18.0,67.0,39.0,97.0,0.0,19.0,0.0,136.0,144,385,0
450830215003,41,37,38,0,6,0,234,54,0,0,0,19,0,0,6,35,0,0,14,0,0,18,16,0,0,0,7,26,0,7,0,34,34,0,6,8,33,41,43,234,14,33,64,164,0,15,30,84,0,74,178,77,0,56,138,41,60,12,0,56,99,135,77,62,0,0,119,0.0,0.0,47.0,48.0,67.0,47.0,0.0,26.0,7.0,7.0,57.0,28.0,81.0,6.0,9.0,139,252,18
450830215002,135,62,74,0,0,0,133,13,10,0,0,0,0,0,35,0,0,0,104,9,0,23,23,57,0,8,0,0,12,21,0,14,103,0,65,56,12,35,116,133,113,20,10,300,9,13,83,33,93,26,57,170,0,59,12,63,62,27,0,0,95,148,147,25,12,0,100,0.0,21.0,22.0,0.0,64.0,0.0,0.0,35.0,40.0,73.0,97.0,0.0,75.0,0.0,18.0,142,245,15
450830215001,171,172,40,0,0,15,153,28,0,0,0,0,0,0,35,89,0,0,15,0,0,37,84,75,0,11,0,26,26,72,15,37,196,10,0,15,53,124,196,153,15,63,28,234,11,27,141,101,98,0,85,382,0,94,67,41,111,32,0,57,114,84,197,85,42,0,112,0.0,28.0,74.0,0.0,89.0,168.0,38.0,6.0,48.0,17.0,53.0,0.0,109.0,73.0,24.0,186,393,0
450830224011,427,179,24,55,37,0,186,0,0,0,0,0,0,0,53,72,0,54,49,0,0,74,167,182,12,33,11,15,0,0,76,65,419,0,0,103,59,125,435,186,103,59,0,478,33,0,132,163,64,0,32,736,117,93,0,154,253,70,0,102,128,63,298,195,32,90,100,17.0,43.0,182.0,18.0,78.0,37.0,0.0,0.0,156.0,91.0,48.0,0.0,164.0,41.0,30.0,179,714,0
450830224013,186,87,20,51,7,0,66,55,0,0,0,0,0,0,7,71,0,0,16,0,0,24,73,150,0,0,10,0,0,20,0,95,210,0,16,0,10,94,290,66,0,10,12,245,62,0,182,50,23,0,29,484,22,21,0,37,108,0,27,0,35,49,140,131,96,21,71,22.0,98.0,175.0,11.0,0.0,0.0,0.0,0.0,7.0,122.0,133.0,20.0,34.0,38.0,0.0,0,428,34
450830224012,139,162,34,11,18,33,21,12,0,0,0,0,0,19,16,42,14,64,0,0,0,25,42,63,18,0,74,0,20,29,19,43,148,0,0,64,94,142,160,21,13,94,0,299,52,0,63,278,49,0,21,400,104,115,0,0,136,16,0,21,61,25,189,90,44,0,111,1.0,53.0,80.0,22.0,93.0,47.0,0.0,41.0,18.0,0.0,98.0,0.0,98.0,64.0,0.0,67,363,0
450830224014,156,172,14,18,37,0,180,13,0,0,0,0,0,0,42,85,10,0,23,19,0,58,37,36,39,28,20,0,0,49,27,61,170,0,0,42,48,137,183,180,42,48,0,302,0,0,182,172,24,0,93,299,19,70,0,87,152,40,0,26,105,148,188,73,32,18,13,0.0,21.0,101.0,0.0,45.0,92.0,0.0,0.0,58.0,23.0,125.0,21.0,30.0,58.0,20.0,27,551,0
450830225003,297,101,52,0,15,15,130,0,0,0,0,0,0,0,24,16,22,0,8,0,3,58,124,83,36,15,91,0,0,7,31,38,287,0,0,11,106,62,301,130,11,106,0,219,30,0,15,68,83,0,50,430,66,218,0,80,286,34,0,36,110,127,69,156,78,34,20,7.0,15.0,232.0,18.0,53.0,35.0,7.0,49.0,51.0,37.0,66.0,4.0,28.0,43.0,20.0,14,587,7
450830225001,316,50,33,64,9,24,173,23,0,0,0,0,0,0,64,52,0,36,29,13,0,85,33,71,33,20,44,16,0,15,58,43,222,7,7,64,80,116,222,173,78,80,23,418,0,33,77,153,14,31,56,389,78,121,12,84,216,84,10,24,84,156,226,94,50,58,12,11.0,38.0,149.0,7.0,93.0,48.0,0.0,0.0,25.0,57.0,41.0,44.0,32.0,108.0,21.0,0,665,7
450830225002,90,36,25,27,1,0,118,16,0,0,0,0,0,0,4,37,3,0,16,0,2,15,32,38,7,6,10,9,0,5,22,27,82,11,0,17,15,52,108,118,10,25,0,158,17,2,91,46,16,11,37,178,12,35,0,79,50,8,0,24,40,124,60,59,4,2,31,1.0,46.0,53.0,23.0,40.0,31.0,2.0,7.0,15.0,32.0,54.0,0.0,32.0,8.0,4.0,13,265,26
450830229003,260,142,29,52,24,0,290,20,0,0,0,0,0,0,29,85,25,17,26,6,14,66,58,98,13,28,28,14,0,43,0,109,222,20,20,37,56,153,255,290,49,70,0,378,52,27,286,132,18,0,43,416,63,69,0,220,116,67,0,67,181,135,239,176,6,13,96,0.0,30.0,160.0,59.0,68.0,43.0,0.0,50.0,38.0,40.0,154.0,14.0,22.0,44.0,71.0,125,670,13
450830229001,347,106,111,23,54,0,332,34,0,5,0,0,6,0,28,58,53,0,26,20,0,38,170,79,13,16,64,59,17,26,39,79,295,16,7,43,136,139,306,332,46,150,45,432,27,60,125,202,137,80,215,609,131,85,46,57,137,164,92,74,162,188,261,179,76,78,125,60.0,47.0,372.0,0.0,124.0,86.0,0.0,62.0,47.0,187.0,110.0,0.0,47.0,41.0,31.0,246,652,17
450830224063,112,16,0,0,3,11,170,0,0,0,0,0,0,0,0,0,14,0,37,0,0,41,0,31,0,0,0,19,0,0,11,7,68,37,0,0,19,14,72,170,37,19,0,102,5,41,0,18,56,0,15,72,19,28,0,114,99,0,0,81,46,61,64,60,0,0,35,0.0,0.0,0.0,28.0,44.0,21.0,0.0,19.0,11.0,0.0,51.0,0.0,51.0,11.0,15.0,0,309,3
450830224062,494,178,300,80,54,0,386,37,0,0,0,0,0,0,165,185,65,8,109,24,6,68,119,119,94,82,0,62,0,67,69,279,400,23,24,100,144,438,417,386,124,144,20,1045,0,51,319,398,56,42,80,1137,99,204,0,255,262,157,0,0,385,140,372,385,168,79,133,0.0,74.0,367.0,0.0,175.0,157.0,59.0,95.0,221.0,224.0,314.0,21.0,154.0,82.0,51.0,242,1192,33
450830228021,285,110,107,128,0,0,105,85,0,0,0,0,0,0,53,108,74,0,73,0,0,103,99,50,0,38,11,21,0,42,21,172,252,73,0,11,59,296,290,105,12,32,85,564,0,27,275,148,52,0,32,627,0,33,197,46,252,60,0,15,167,60,265,223,90,0,155,59.0,46.0,169.0,25.0,87.0,110.0,0.0,0.0,78.0,139.0,90.0,0.0,38.0,165.0,0.0,86,719,15
450830230021,210,107,63,65,23,51,253,37,0,0,0,0,0,0,73,108,45,0,12,0,0,46,40,119,15,4,40,17,0,44,59,140,203,11,0,16,46,238,246,253,0,61,11,588,20,29,169,157,27,33,107,641,85,27,0,117,132,99,0,4,150,183,225,195,52,0,117,0.0,100.0,360.0,33.0,89.0,90.0,9.0,20.0,68.0,15.0,111.0,8.0,60.0,25.0,0.0,123,565,82
450830230022,181,58,103,19,0,6,64,0,0,0,0,0,0,0,26,36,6,14,22,0,0,52,22,50,0,28,24,87,0,30,26,37,99,0,10,54,111,68,138,64,36,125,0,327,81,0,102,115,47,0,56,206,52,118,34,8,119,62,0,30,81,52,95,126,38,9,50,0.0,29.0,94.0,18.0,111.0,9.0,0.0,6.0,79.0,69.0,87.0,0.0,10.0,41.0,0.0,56,359,16
450830237001,283,136,38,40,41,11,218,14,0,0,0,0,0,11,27,56,15,0,65,35,0,68,90,131,0,0,14,37,0,0,10,99,289,7,38,75,31,109,303,218,113,38,0,524,33,29,90,167,135,0,112,524,10,127,0,77,201,14,0,0,144,151,344,97,34,11,81,24.0,45.0,179.0,12.0,117.0,42.0,0.0,40.0,107.0,53.0,95.0,11.0,74.0,64.0,12.0,37,744,0
450830223042,287,93,10,61,9,0,189,8,0,0,0,0,0,0,0,41,26,0,51,9,0,69,68,80,17,34,21,44,0,0,9,86,206,10,0,60,89,76,242,189,51,99,0,222,45,55,38,219,42,8,82,396,0,211,0,52,205,36,0,69,114,146,198,108,11,11,79,0.0,102.0,137.0,33.0,81.0,45.0,6.0,0.0,61.0,63.0,95.0,0.0,39.0,64.0,14.0,111,520,26
450830223041,259,155,48,54,5,0,136,11,0,15,0,0,0,0,19,92,17,0,11,9,0,72,79,175,11,0,19,17,0,16,32,112,305,0,11,17,28,128,337,136,20,36,26,323,47,9,163,143,44,70,64,569,28,26,25,63,210,40,0,38,97,120,202,164,52,10,30,0.0,59.0,211.0,11.0,101.0,52.0,25.0,49.0,146.0,69.0,81.0,11.0,63.0,14.0,4.0,17,620,9
450830223043,183,33,30,36,0,9,58,0,0,0,0,0,0,0,37,32,10,18,0,0,0,88,32,35,10,0,20,0,9,45,0,34,165,0,0,18,29,79,165,58,18,29,0,230,0,0,89,39,22,0,49,183,0,38,0,9,207,24,0,29,108,0,110,66,36,0,56,0.0,0.0,62.0,18.0,9.0,23.0,9.0,10.0,44.0,87.0,17.0,0.0,8.0,29.0,9.0,0,349,0
450830224042,246,203,55,89,15,17,130,0,17,0,0,0,0,0,17,108,0,0,56,60,0,34,52,124,36,18,32,88,0,36,52,37,246,0,52,113,89,125,246,130,116,138,17,603,91,20,178,253,109,0,18,386,100,204,73,92,172,131,17,20,90,69,293,193,90,17,71,30.0,41.0,221.0,18.0,133.0,90.0,0.0,37.0,42.0,17.0,214.0,0.0,23.0,30.0,74.0,0,772,0
450830224041,363,107,126,70,18,0,51,34,0,0,0,0,0,0,54,88,73,0,18,0,0,170,71,139,36,0,18,0,17,38,0,177,416,0,0,35,18,215,450,51,18,35,0,409,36,0,98,184,0,0,51,828,48,78,0,0,424,46,46,18,53,49,207,143,160,139,17,0.0,34.0,126.0,51.0,125.0,97.0,17.0,51.0,110.0,71.0,110.0,0.0,88.0,129.0,42.0,17,734,0
450830224043,173,53,217,125,45,20,210,0,0,0,0,0,0,0,19,209,75,0,39,57,0,67,62,86,0,0,0,0,19,76,186,86,170,0,76,20,19,303,215,210,96,19,0,1065,173,37,107,269,130,0,120,773,0,115,0,53,185,0,0,76,39,136,217,304,51,20,94,0.0,182.0,237.0,20.0,169.0,41.0,0.0,74.0,59.0,139.0,68.0,0.0,0.0,185.0,44.0,20,778,0
450830234022,240,144,131,70,0,0,185,20,0,0,0,0,0,0,44,165,17,0,35,0,0,41,64,131,8,0,10,70,0,31,80,137,222,26,13,18,58,239,258,185,22,75,11,539,53,24,231,106,26,46,121,603,84,81,0,40,181,53,0,0,50,84,331,196,111,18,29,0.0,61.0,341.0,56.0,148.0,9.0,0.0,49.0,92.0,138.0,112.0,0.0,50.0,96.0,29.0,11,759,20
450830234021,440,122,49,47,38,24,70,16,0,0,0,0,0,0,6,99,35,0,8,18,0,134,130,222,27,8,0,9,24,10,42,97,504,0,24,34,9,149,512,70,26,41,8,460,109,0,79,155,45,18,34,762,22,69,19,36,475,76,0,9,27,68,147,263,211,81,0,0.0,20.0,149.0,44.0,187.0,71.0,10.0,52.0,159.0,98.0,197.0,14.0,16.0,26.0,0.0,112,671,3
450830223031,164,60,28,10,2,10,125,45,0,0,0,0,0,0,2,25,0,10,42,0,0,43,61,31,0,17,10,33,0,11,6,18,127,17,7,53,35,55,188,125,24,50,2,183,39,14,144,58,38,13,48,252,33,54,0,63,102,29,0,52,133,75,125,47,6,6,132,0.0,34.0,100.0,21.0,82.0,36.0,13.0,5.0,16.0,23.0,70.0,0.0,15.0,21.0,5.0,81,344,19
450830223032,49,51,47,10,2,0,83,45,0,0,0,0,0,0,0,31,0,0,40,6,0,23,13,20,6,6,2,10,2,19,3,11,60,27,5,22,12,44,107,83,33,14,6,130,17,16,129,55,29,7,39,142,14,48,30,28,24,5,0,20,74,83,91,19,0,0,57,0.0,37.0,23.0,8.0,73.0,20.0,23.0,28.0,20.0,2.0,41.0,3.0,43.0,0.0,3.0,4,254,23
450830221021,198,47,54,29,5,0,215,23,0,0,0,0,0,0,25,26,35,0,11,0,0,56,41,94,21,0,24,0,0,11,28,54,205,0,0,11,24,91,235,215,6,24,0,187,7,21,110,86,0,0,41,363,15,27,9,153,180,19,0,15,131,31,117,159,110,8,46,0.0,7.0,99.0,13.0,22.0,6.0,15.0,75.0,27.0,46.0,162.0,0.0,34.0,77.0,24.0,38,510,0
450830221022,135,45,43,12,15,0,129,0,0,0,4,0,0,15,0,17,0,14,6,0,0,34,30,52,23,35,18,6,0,5,20,7,139,7,0,42,30,38,139,129,14,59,4,160,61,16,51,78,7,31,93,242,32,61,0,20,65,84,0,37,50,62,143,59,26,6,37,0.0,39.0,62.0,34.0,45.0,20.0,0.0,0.0,46.0,26.0,46.0,5.0,5.0,51.0,27.0,10,355,0
450830233011,240,126,77,27,19,29,199,31,0,2,0,0,0,0,36,70,13,0,37,10,0,46,69,127,26,3,55,26,0,54,37,65,231,31,9,16,75,126,304,199,40,66,15,441,87,24,254,182,30,83,99,476,28,98,4,76,132,60,29,46,123,121,237,147,68,8,105,0.0,111.0,154.0,14.0,118.0,40.0,6.0,89.0,113.0,46.0,126.0,6.0,53.0,53.0,8.0,52,665,19
450830233023,37,49,124,0,0,0,70,56,17,0,0,0,0,0,56,60,0,0,42,0,0,0,9,9,22,0,12,0,0,59,58,9,30,19,0,23,12,139,40,70,19,12,73,227,10,20,251,34,8,131,11,78,17,23,47,39,18,19,9,19,132,29,134,27,12,0,43,0.0,232.0,51.0,12.0,84.0,11.0,0.0,17.0,9.0,39.0,0.0,0.0,59.0,7.0,0.0,9,178,166
450830233021,205,134,29,5,0,8,252,9,0,0,0,0,0,0,0,47,0,7,60,20,47,54,11,36,10,19,37,33,0,21,0,26,111,30,25,79,89,62,120,252,119,80,9,245,0,38,87,158,90,21,79,208,14,182,11,135,69,51,0,49,196,126,193,51,13,14,171,0.0,54.0,222.0,0.0,40.0,27.0,0.0,0.0,63.0,12.0,134.0,1.0,50.0,15.0,3.0,422,185,35
450830234052,188,202,203,151,50,0,120,22,0,0,0,0,0,0,83,358,61,0,52,0,0,17,29,101,11,9,30,26,17,103,51,357,149,13,0,39,82,502,192,120,52,52,18,1028,10,14,161,146,72,15,70,1161,93,80,6,36,87,197,37,0,60,67,145,334,214,116,60,11.0,106.0,370.0,4.0,167.0,48.0,35.0,68.0,171.0,73.0,204.0,0.0,94.0,58.0,32.0,49,690,127
450830234053,237,70,148,20,0,21,181,11,0,0,0,0,0,0,15,125,0,0,21,10,9,78,91,78,59,0,0,10,0,0,36,104,306,21,20,9,0,151,317,181,29,10,0,450,30,11,43,115,11,0,103,619,47,52,0,67,268,15,0,10,68,129,74,135,152,120,10,0.0,46.0,172.0,20.0,76.0,22.0,0.0,103.0,128.0,24.0,158.0,11.0,12.0,32.0,15.0,128,521,11
450830236001,147,258,20,0,26,0,154,41,0,0,0,0,0,0,0,209,0,0,26,13,0,27,53,82,0,10,13,13,5,194,15,0,162,0,0,52,28,209,203,154,39,41,0,399,0,13,415,61,22,0,30,321,27,83,62,111,100,15,0,0,128,262,147,109,0,0,48,0.0,20.0,98.0,13.0,78.0,9.0,0.0,201.0,55.0,50.0,44.0,0.0,12.0,66.0,29.0,220,401,25
450830236002,9,4,0,82,0,0,145,25,0,0,0,0,0,0,0,39,0,0,43,0,0,9,0,4,0,0,0,0,0,0,0,39,13,0,0,43,0,39,19,145,43,0,19,313,0,7,0,7,43,42,82,104,0,0,0,56,9,0,0,0,43,122,100,0,0,0,43,0.0,0.0,43.0,0.0,84.0,0.0,6.0,0.0,46.0,0.0,18.0,0.0,7.0,39.0,42.0,61,165,39
450830236004,80,45,54,70,0,0,204,0,0,0,0,0,0,0,0,25,92,0,0,30,0,16,66,0,4,0,16,0,0,95,0,22,86,0,0,30,16,117,86,204,30,16,0,240,0,60,46,187,0,0,63,263,15,46,0,81,105,0,0,40,141,23,135,22,92,0,40,0.0,7.0,119.0,0.0,72.0,66.0,0.0,52.0,79.0,72.0,0.0,0.0,0.0,39.0,0.0,100,353,0
450830236003,97,48,64,0,0,0,177,0,0,52,0,0,0,0,0,0,0,0,17,0,0,27,15,0,0,24,55,71,0,0,0,0,42,0,0,17,150,17,141,177,0,103,0,80,0,16,126,0,135,65,56,94,80,148,0,105,82,87,0,103,45,155,132,3,0,0,220,27.0,0.0,133.0,0.0,4.0,31.0,0.0,0.0,0.0,33.0,42.0,0.0,0.0,27.0,0.0,236,155,0
450830224051,361,40,146,29,35,0,201,13,34,0,0,0,0,22,18,95,37,0,19,0,28,121,92,114,28,30,7,0,0,43,18,133,333,7,0,40,37,172,402,201,47,37,0,443,26,0,100,263,51,18,121,794,25,52,9,80,285,43,0,74,115,146,211,209,82,22,140,0.0,10.0,193.0,5.0,123.0,65.0,45.0,60.0,55.0,41.0,138.0,0.0,209.0,38.0,49.0,102,700,32
450830218031,241,209,105,95,18,70,284,80,0,0,0,0,0,0,57,170,60,0,82,22,4,92,51,67,53,0,0,31,49,127,76,137,210,23,0,121,44,306,322,284,89,80,21,911,147,53,528,263,148,23,122,518,58,185,47,109,216,44,0,34,135,117,445,257,67,47,20,0.0,69.0,335.0,45.0,156.0,202.0,22.0,34.0,130.0,72.0,159.0,0.0,218.0,45.0,17.0,239,744,27
450830218032,270,141,147,67,0,0,372,0,11,0,0,17,0,0,77,144,22,14,39,31,0,80,39,99,14,17,17,32,0,56,55,132,232,34,0,67,49,276,260,372,51,66,0,638,38,58,241,98,37,16,190,652,71,117,0,124,182,51,0,61,123,205,306,248,31,51,68,0.0,0.0,305.0,65.0,106.0,53.0,49.0,140.0,126.0,79.0,160.0,0.0,84.0,35.0,15.0,141,831,0
450830218033,176,162,28,56,0,0,182,78,0,0,0,0,0,0,64,56,17,0,34,0,0,0,90,0,50,0,0,111,0,17,56,64,140,34,0,0,111,171,229,182,0,100,0,295,0,45,308,115,169,21,66,414,19,20,0,71,105,0,0,19,174,120,256,94,19,0,92,17.0,0.0,258.0,79.0,153.0,61.0,32.0,39.0,105.0,19.0,213.0,0.0,12.0,0.0,0.0,249,422,0
450830218041,185,40,20,48,6,0,97,15,10,0,6,0,0,0,0,6,10,27,84,0,0,42,17,90,0,7,5,11,0,0,3,16,146,22,22,73,17,34,156,97,93,23,24,257,12,4,49,137,8,30,59,215,5,113,22,34,110,43,0,9,49,149,127,91,0,2,32,0.0,54.0,145.0,22.0,55.0,6.0,0.0,8.0,25.0,24.0,28.0,16.0,43.0,40.0,11.0,174,166,76
450830214023,90,97,35,23,0,0,92,15,0,0,0,0,0,0,25,58,0,0,24,0,0,30,21,43,35,9,0,0,0,36,10,37,129,0,0,24,9,83,144,92,24,9,0,204,0,0,23,57,13,13,30,329,0,24,0,62,102,9,0,7,48,37,104,109,34,13,7,0.0,0.0,83.0,13.0,43.0,21.0,9.0,20.0,34.0,94.0,55.0,6.0,0.0,46.0,12.0,39,286,8
450830211004,183,94,18,45,8,0,97,6,0,0,0,0,0,0,54,33,0,10,46,0,0,16,68,101,0,0,10,10,0,17,41,33,181,13,0,43,20,100,191,97,43,20,0,224,9,9,88,77,39,17,55,311,6,43,0,33,154,15,0,9,67,72,149,98,56,0,80,0.0,14.0,87.0,10.0,48.0,55.0,33.0,0.0,53.0,117.0,35.0,0.0,50.0,0.0,9.0,108,275,47
450830211003,71,140,30,0,0,0,102,18,0,0,0,0,0,0,0,46,0,0,10,9,0,24,32,47,36,9,0,28,0,12,9,34,130,9,0,19,28,46,157,102,19,37,0,132,13,10,71,136,18,10,71,255,18,27,0,21,82,37,0,16,36,17,102,146,44,0,20,0.0,0.0,110.0,28.0,14.0,5.0,25.0,7.0,71.0,128.0,43.0,9.0,9.0,81.0,17.0,140,191,3
450830222022,138,66,37,47,9,0,112,9,0,0,0,0,0,0,17,56,0,0,27,0,0,28,28,61,0,22,31,18,9,0,31,42,117,25,0,47,35,88,127,112,12,74,5,290,52,30,135,64,44,0,54,177,25,55,12,28,109,42,0,44,98,64,133,61,18,0,29,0.0,74.0,50.0,0.0,35.0,48.0,23.0,0.0,51.0,53.0,6.0,0.0,72.0,20.0,7.0,22,364,9
450830222021,169,104,48,4,0,0,147,26,0,0,0,0,0,0,10,47,31,20,19,0,0,38,36,55,16,39,14,0,0,0,0,88,145,20,4,15,53,88,171,147,39,53,0,181,0,17,62,126,24,0,61,331,0,68,14,69,124,15,0,54,90,99,76,144,22,13,109,24.0,28.0,83.0,0.0,41.0,29.0,23.0,8.0,55.0,56.0,71.0,0.0,30.0,14.0,29.0,63,424,11
450830222024,83,8,47,0,13,0,56,8,0,0,0,0,0,0,0,9,14,0,28,0,0,0,21,22,17,28,5,7,0,0,0,28,55,6,14,8,40,23,68,56,28,40,0,146,17,0,27,97,6,13,31,124,8,34,0,25,26,28,0,53,32,59,45,12,14,0,85,0.0,14.0,50.0,0.0,23.0,7.0,13.0,13.0,7.0,26.0,20.0,6.0,31.0,18.0,16.0,26,165,9
450830224031,205,146,64,43,0,0,156,11,0,0,0,0,0,0,16,104,31,0,27,15,0,43,41,124,44,0,13,0,0,20,28,103,252,0,0,55,0,151,263,156,42,13,0,310,13,0,225,101,0,36,100,472,0,64,0,56,153,30,0,53,56,27,70,282,108,29,16,0.0,0.0,136.0,19.0,149.0,141.0,16.0,104.0,72.0,101.0,95.0,0.0,44.0,44.0,0.0,0,610,0
450830224033,594,261,197,119,17,0,174,30,0,0,0,0,0,0,169,175,0,0,26,89,0,227,149,181,60,14,84,14,0,183,92,98,588,39,0,104,84,383,661,174,76,98,0,884,65,33,667,165,96,0,90,907,51,277,24,51,502,24,0,14,53,138,564,457,141,25,76,0.0,0.0,376.0,138.0,69.0,65.0,16.0,107.0,116.0,197.0,302.0,50.0,64.0,56.0,85.0,94,1207,14
450830227003,247,153,126,95,44,17,72,20,0,0,0,0,0,0,122,108,0,0,66,0,0,102,53,67,96,16,19,33,0,59,64,130,295,0,0,87,47,284,318,72,12,68,20,729,75,0,224,257,52,17,39,784,32,54,47,33,204,58,0,51,12,92,265,256,50,48,97,0.0,151.0,231.0,0.0,54.0,74.0,0.0,59.0,168.0,69.0,188.0,0.0,17.0,71.0,23.0,27,709,0
450830227001,145,0,38,66,30,0,66,15,0,10,0,0,0,0,0,46,0,22,0,32,0,29,64,29,0,0,23,34,0,0,28,18,122,0,22,55,34,46,166,66,54,23,15,327,58,0,29,43,42,0,27,277,45,54,35,39,122,82,0,22,62,26,59,169,12,20,32,0.0,0.0,186.0,0.0,58.0,0.0,10.0,29.0,17.0,18.0,0.0,0.0,11.0,23.0,72.0,32,338,0
450830205002,91,79,22,11,30,0,59,0,0,0,0,0,0,0,16,11,0,22,26,21,0,29,35,0,0,10,41,17,5,11,6,21,53,0,47,27,68,27,64,59,69,73,0,304,18,0,12,118,51,0,29,92,33,124,0,30,76,9,0,48,88,59,73,15,9,0,108,10.0,0.0,80.0,0.0,19.0,11.0,6.0,7.0,0.0,17.0,68.0,0.0,11.0,31.0,0.0,292,0,0
450830210011,52,43,23,0,0,0,306,13,0,0,0,0,0,0,0,11,0,30,29,0,0,0,7,15,0,18,8,0,0,0,0,11,22,30,8,47,0,11,35,306,59,26,0,179,19,12,11,0,26,0,48,76,0,45,0,246,7,26,0,105,247,36,30,0,19,0,213,0.0,0.0,12.0,0.0,15.0,15.0,0.0,0.0,14.0,7.0,52.0,0.0,0.0,0.0,0.0,210,208,19
450830210013,54,70,27,53,0,0,104,0,0,0,7,0,0,0,0,0,0,0,61,43,0,0,9,5,8,18,31,19,10,0,0,0,22,0,43,80,59,0,22,104,104,78,7,325,20,0,0,87,58,0,41,28,132,114,7,63,18,80,0,31,116,74,71,18,0,5,124,0.0,0.0,101.0,0.0,54.0,7.0,0.0,4.0,67.0,14.0,39.0,0.0,14.0,0.0,46.0,315,0,0
450830216002,69,67,61,22,0,0,160,31,0,0,0,0,0,0,7,0,15,44,71,8,0,23,14,11,0,17,8,1,0,0,7,15,48,5,39,79,26,71,79,160,74,17,9,287,0,27,132,28,76,51,64,117,10,28,0,69,40,8,0,54,138,60,91,67,0,0,57,0.0,8.0,140.0,0.0,55.0,24.0,0.0,11.0,0.0,31.0,21.0,0.0,0.0,15.0,29.0,28,317,65
450830235003,306,126,93,102,34,15,266,135,18,0,0,0,0,0,0,167,39,15,22,0,0,84,168,43,34,10,55,18,21,34,35,175,291,15,22,28,76,228,419,266,15,104,63,588,140,32,269,220,104,14,106,781,91,161,158,128,242,57,5,25,226,254,263,241,34,52,127,15.0,93.0,396.0,26.0,125.0,107.0,27.0,45.0,119.0,40.0,227.0,0.0,126.0,48.0,99.0,24,993,78
450830207022,49,34,5,68,16,0,46,22,0,0,0,0,0,0,34,0,34,0,13,11,0,30,31,0,5,8,0,6,0,34,0,50,50,0,0,32,6,81,88,46,11,14,0,229,25,0,85,115,20,0,15,217,12,19,15,31,34,0,0,17,30,46,92,32,23,0,33,0.0,7.0,113.0,16.0,26.0,61.0,11.0,19.0,0.0,14.0,26.0,0.0,15.0,4.0,8.0,89,151,0
450830207021,169,54,61,65,0,5,122,38,0,0,0,0,0,0,0,4,13,10,57,0,0,44,36,39,1,7,73,65,5,0,0,17,120,13,52,74,78,27,158,122,57,150,0,304,97,0,76,138,162,20,52,195,119,91,14,70,90,88,32,74,206,34,120,66,9,5,91,0.0,6.0,138.0,22.0,65.0,24.0,0.0,0.0,10.0,44.0,48.0,7.0,54.0,7.0,9.0,255,177,8
450830207011,27,25,6,0,0,0,92,12,0,0,0,0,0,0,0,0,0,0,0,0,0,11,21,0,0,12,0,14,0,0,0,0,32,0,0,14,12,0,38,92,0,26,6,16,16,10,0,0,0,0,76,7,56,23,0,6,69,17,14,9,67,25,47,14,0,0,29,0.0,0.0,10.0,0.0,11.0,18.0,6.0,0.0,14.0,0.0,37.0,0.0,0.0,0.0,0.0,147,5,0
450830207013,213,155,56,28,0,0,242,28,0,0,0,0,0,0,23,25,0,9,186,0,0,35,25,10,0,7,16,116,0,36,0,12,70,53,48,110,123,48,124,242,195,113,0,617,18,18,152,116,235,0,170,166,8,138,0,54,54,7,9,132,108,181,272,29,0,0,159,0.0,0.0,303.0,27.0,95.0,15.0,45.0,30.0,47.0,34.0,97.0,0.0,28.0,28.0,0.0,477,196,49
450830231021,72,76,67,27,0,72,54,29,0,0,0,0,0,0,119,17,0,0,70,0,0,0,12,0,0,0,40,43,13,47,0,89,12,27,0,109,30,163,24,54,43,96,17,790,50,0,181,82,116,40,21,152,0,53,0,33,24,0,0,0,174,78,145,0,0,0,72,0.0,93.0,183.0,17.0,43.0,27.0,0.0,0.0,0.0,31.0,0.0,15.0,117.0,0.0,0.0,89,193,115
450830227002,396,53,41,22,0,17,159,7,0,0,0,0,0,0,17,44,18,0,0,0,12,14,131,181,23,44,0,45,0,20,17,42,349,0,12,0,89,91,356,159,0,89,0,246,0,0,67,116,17,0,23,621,83,65,0,136,204,44,0,27,89,64,233,160,104,18,27,36.0,57.0,161.0,33.0,103.0,47.0,16.0,42.0,58.0,50.0,81.0,42.0,19.0,102.0,0.0,0,679,0
450830209001,120,76,21,11,13,8,346,37,9,0,0,0,0,0,9,21,22,4,15,17,0,41,24,14,0,5,30,47,0,8,29,15,79,14,4,33,67,56,107,346,32,82,18,216,33,99,82,82,33,56,154,171,72,93,0,93,72,60,0,70,159,106,202,58,33,13,74,8.0,18.0,133.0,0.0,81.0,22.0,28.0,31.0,52.0,46.0,118.0,11.0,41.0,41.0,37.0,314,308,20
450830214011,130,69,49,18,0,0,154,6,4,0,2,0,0,0,5,24,0,0,52,0,0,81,22,5,6,15,0,52,4,5,40,0,98,24,0,44,55,46,138,154,35,55,4,221,52,4,63,81,21,19,16,162,0,102,8,134,154,30,0,42,89,61,98,56,70,16,39,0.0,49.0,63.0,16.0,50.0,17.0,14.0,23.0,22.0,2.0,42.0,0.0,15.0,51.0,0.0,106,317,0
450830220052,425,162,63,7,0,0,427,49,0,0,0,0,0,0,55,68,0,44,145,0,0,121,100,106,0,0,0,18,0,29,45,56,320,40,0,149,18,123,376,427,189,18,0,485,17,111,350,23,127,0,223,358,0,125,0,93,281,28,0,162,124,301,350,150,34,12,36,0.0,89.0,176.0,0.0,106.0,66.0,15.0,40.0,68.0,36.0,126.0,0.0,96.0,52.0,63.0,433,623,90
450830217002,154,97,7,35,0,0,198,0,0,0,0,0,0,0,16,14,0,0,76,0,0,10,30,7,0,37,70,33,0,25,16,7,29,11,8,65,132,38,47,198,68,140,0,257,20,0,48,7,62,14,124,39,104,191,0,74,80,119,0,72,224,61,103,22,5,4,186,0.0,37.0,136.0,15.0,11.0,43.0,0.0,0.0,45.0,19.0,91.0,0.0,30.0,7.0,0.0,109,278,81
450830230012,129,164,188,44,7,26,348,0,0,0,0,0,0,0,26,140,16,0,109,0,0,100,41,40,65,0,9,12,0,83,46,84,215,48,0,61,21,273,246,348,18,21,0,702,34,0,367,161,29,38,203,501,26,27,0,145,178,0,0,34,168,165,282,162,95,0,89,19.0,32.0,223.0,81.0,60.0,41.0,16.0,19.0,89.0,113.0,67.0,16.0,0.0,32.0,54.0,179,662,65
450830228022,461,171,176,56,0,5,123,0,0,0,0,0,0,11,27,121,15,0,18,0,0,96,134,204,50,38,82,69,4,18,58,120,462,0,4,83,124,174,522,123,18,155,0,586,36,0,227,157,64,57,63,887,73,157,0,60,279,40,0,0,119,184,271,163,231,24,35,57.0,62.0,357.0,88.0,50.0,136.0,0.0,80.0,72.0,108.0,221.0,15.0,136.0,56.0,13.0,56,799,86
450830213031,170,0,34,0,0,0,62,0,0,0,0,0,0,0,13,0,21,0,0,0,0,75,38,57,0,0,0,0,0,13,0,21,170,0,0,0,0,34,170,62,0,0,0,46,0,0,25,20,0,0,33,177,0,0,0,29,203,0,0,17,30,26,37,79,41,36,0,0.0,0.0,21.0,0.0,44.0,20.0,0.0,0.0,28.0,84.0,0.0,0.0,0.0,28.0,0.0,0,266,0
450830222011,165,69,28,18,10,0,101,7,0,0,0,0,0,0,0,14,21,0,72,27,0,23,45,29,0,10,34,0,15,7,0,34,91,33,14,56,55,48,97,101,86,59,7,267,33,0,71,54,60,0,58,140,19,103,16,43,85,31,0,10,112,43,117,104,12,0,57,0.0,9.0,147.0,0.0,0.0,12.0,0.0,28.0,15.0,76.0,57.0,0.0,32.0,17.0,0.0,103,273,22
450830226003,174,73,42,6,0,9,233,16,8,0,0,0,0,0,7,65,19,6,0,0,0,48,62,34,19,15,10,19,0,14,0,80,160,6,9,15,20,91,187,233,6,44,0,196,66,7,47,90,6,0,111,411,7,40,7,115,111,21,0,67,129,65,142,100,35,23,54,0.0,33.0,97.0,20.0,64.0,43.0,0.0,6.0,53.0,3.0,113.0,0.0,61.0,11.0,18.0,81,480,0
450830236005,182,343,34,57,0,0,169,0,0,0,0,0,0,0,165,31,26,0,8,21,0,12,90,87,39,101,0,22,14,0,0,256,194,8,0,122,36,222,228,169,29,137,0,642,309,0,0,116,8,8,125,835,30,57,0,44,59,101,0,101,73,136,285,159,31,0,109,0.0,65.0,196.0,140.0,68.0,22.0,0.0,30.0,34.0,16.0,261.0,0.0,43.0,29.0,0.0,123,662,0
450830218024,129,38,3,28,0,0,277,86,0,0,0,0,0,0,0,3,28,0,25,0,0,22,19,7,12,0,57,25,0,0,0,31,60,50,0,35,22,32,146,277,24,82,0,155,12,106,92,32,63,0,78,202,0,105,0,93,63,31,0,8,202,138,127,46,28,12,62,35.0,111.0,143.0,5.0,75.0,0.0,24.0,9.0,55.0,99.0,10.0,0.0,45.0,10.0,32.0,72,421,57
450830218021,37,57,0,0,0,0,463,107,61,68,0,0,0,0,0,0,0,0,0,0,0,0,0,0,0,0,55,0,39,0,0,0,0,0,0,0,94,0,36,463,0,94,200,0,0,394,61,102,126,749,57,0,0,39,19,12,0,0,0,286,240,174,61,32,0,0,61,0.0,0.0,18.0,0.0,345.0,0.0,0.0,27.0,108.0,194.0,134.0,18.0,244.0,2.0,30.0,366,390,17
450830219013,170,152,59,171,55,0,653,117,0,0,0,0,0,0,0,166,11,14,37,0,0,36,118,20,0,0,151,54,0,78,46,53,174,45,47,92,72,177,218,653,51,205,73,1003,0,284,195,64,131,254,247,439,26,327,0,122,188,90,0,111,317,434,397,118,0,0,51,0.0,259.0,370.0,26.0,335.0,57.0,53.0,0.0,188.0,53.0,78.0,0.0,19.0,84.0,42.0,188,522,641
450830219023,62,12,56,62,86,22,125,83,0,0,0,0,0,0,0,86,0,24,38,0,0,17,0,69,0,0,0,44,22,0,0,86,86,0,60,24,44,110,181,125,38,54,0,503,57,19,143,246,70,85,48,425,0,87,74,58,15,0,0,17,189,193,31,78,0,0,127,0.0,80.0,179.0,0.0,99.0,12.0,54.0,0.0,92.0,74.0,84.0,0.0,84.0,31.0,0.0,263,245,0
450830231014,121,81,30,26,0,0,139,80,0,0,0,0,0,0,26,44,0,0,19,0,0,48,18,15,0,6,28,43,11,9,14,47,81,0,0,48,59,70,102,139,19,67,80,201,14,67,114,56,52,125,0,105,46,80,61,72,127,7,0,44,70,68,179,54,39,23,70,0.0,21.0,260.0,49.0,66.0,35.0,0.0,0.0,31.0,10.0,12.0,0.0,40.0,5.0,19.0,83,291,44
450830231022,177,107,78,60,0,19,160,35,3,0,0,0,0,0,44,42,32,6,88,0,0,50,28,54,3,0,16,71,7,22,41,59,131,6,8,89,85,129,182,160,83,82,3,508,15,5,180,185,23,0,90,344,19,167,28,65,100,41,0,33,128,148,163,140,23,4,120,5.0,47.0,286.0,19.0,64.0,10.0,36.0,11.0,67.0,53.0,22.0,0.0,76.0,56.0,25.0,224,362,25
450830232023,194,48,48,10,20,0,110,9,0,0,0,0,0,0,10,43,16,0,12,0,0,62,50,82,11,0,15,9,10,24,8,68,174,13,0,24,9,72,205,110,9,34,9,212,53,0,48,57,31,38,63,286,27,34,0,47,221,0,0,37,85,15,136,131,19,16,27,3.0,10.0,66.0,0.0,129.0,49.0,0.0,43.0,63.0,54.0,74.0,0.0,22.0,34.0,9.0,69,362,8
450830232024,71,138,76,33,0,0,79,0,0,0,0,0,0,0,13,97,0,0,5,0,0,0,54,82,40,9,9,9,0,21,54,55,156,0,0,5,27,110,176,79,5,27,0,243,29,31,169,92,50,0,40,324,39,14,0,8,65,43,0,25,26,54,114,97,41,40,44,25.0,101.0,64.0,78.0,38.0,40.0,0.0,59.0,57.0,0.0,99.0,0.0,0.0,16.0,0.0,41,299,52
450830206032,170,46,28,9,8,0,91,8,0,0,0,0,0,0,24,28,9,0,0,0,8,28,109,44,11,0,0,0,0,24,9,28,192,0,8,0,0,61,200,91,8,0,0,133,9,0,185,37,0,0,42,186,14,18,0,49,152,0,0,33,0,26,184,87,30,0,8,0.0,53.0,50.0,17.0,27.0,9.0,0.0,8.0,18.0,60.0,55.0,10.0,37.0,25.0,0.0,82,254,17
450830213011,89,75,68,0,0,0,149,30,0,0,0,0,0,0,0,34,0,0,76,21,0,7,23,54,0,0,0,17,0,7,0,27,84,0,0,97,17,85,114,149,46,17,0,184,0,66,33,79,14,0,51,261,23,32,0,32,86,17,0,22,28,88,141,100,16,16,73,0.0,16.0,41.0,22.0,82.0,21.0,0.0,25.0,95.0,55.0,39.0,0.0,104.0,35.0,0.0,121,268,0
450830220042,182,139,16,10,0,0,159,8,0,0,0,0,0,0,0,0,14,12,103,0,0,25,37,69,31,7,0,49,0,0,10,4,162,89,12,18,52,26,162,159,103,56,8,252,0,0,61,100,95,87,48,283,0,85,0,111,37,0,0,83,147,37,180,27,30,10,82,0.0,11.0,104.0,7.0,45.0,74.0,0.0,30.0,11.0,27.0,64.0,54.0,80.0,11.0,6.0,275,182,12
450830223024,73,252,25,27,0,0,58,14,0,0,0,0,0,0,30,27,0,18,94,0,0,28,39,69,25,0,0,47,0,0,0,57,161,18,0,94,47,57,175,58,112,47,0,354,0,0,0,166,0,87,17,374,0,159,0,41,76,0,0,15,93,59,160,108,14,0,52,49.0,111.0,129.0,0.0,113.0,21.0,0.0,47.0,90.0,42.0,8.0,0.0,0.0,8.0,0.0,15,303,131
450830219024,558,295,377,123,0,0,323,145,0,0,0,0,0,0,80,340,60,0,181,17,0,161,114,187,48,0,18,91,56,198,83,259,450,0,76,122,165,519,580,323,159,165,75,1285,67,35,540,458,57,167,156,1135,73,301,31,132,487,48,0,19,157,115,593,437,295,205,33,1.0,80.0,435.0,130.0,325.0,131.0,58.0,96.0,279.0,388.0,498.0,93.0,111.0,62.0,90.0,271,1112,309
450830221012,250,73,114,10,0,0,266,41,0,0,0,0,0,8,54,56,0,0,69,31,0,29,72,62,0,38,28,0,0,77,10,31,163,18,0,120,28,136,182,266,82,66,22,454,119,112,162,12,11,19,113,358,6,127,35,41,125,43,0,29,179,175,207,106,24,34,75,0.0,14.0,138.0,12.0,177.0,30.0,40.0,17.0,22.0,116.0,54.0,7.0,82.0,86.0,17.0,313,420,0
450830229002,227,124,84,18,19,7,319,7,0,0,0,0,0,0,27,102,0,0,42,0,0,63,75,85,19,0,0,54,12,45,19,76,231,32,12,18,46,129,249,319,42,66,0,353,22,66,69,99,96,0,81,454,60,109,0,172,233,15,0,52,143,114,245,190,61,0,84,0.0,75.0,173.0,15.0,75.0,83.0,0.0,39.0,110.0,44.0,156.0,36.0,30.0,58.0,17.0,137,607,42
450830237002,268,133,174,42,40,11,161,28,0,33,0,0,0,0,74,78,29,15,129,0,0,105,77,62,41,13,34,0,11,49,48,125,244,24,36,108,34,256,359,161,69,45,0,658,88,0,227,211,112,17,63,734,90,125,0,98,252,20,0,42,169,196,291,156,36,0,141,9.0,34.0,232.0,31.0,81.0,75.0,16.0,25.0,121.0,52.0,105.0,0.0,74.0,119.0,42.0,81,739,57
450830228014,155,137,126,66,0,0,215,57,15,0,0,0,0,0,20,136,62,0,62,0,0,77,40,53,34,0,0,0,0,78,20,138,186,30,0,32,0,248,276,215,32,0,0,505,17,0,156,91,0,15,112,657,25,32,0,103,229,0,0,15,65,125,168,264,121,13,11,0.0,49.0,181.0,0.0,176.0,67.0,0.0,40.0,97.0,36.0,121.0,26.0,36.0,24.0,46.0,0,756,15
450830238011,385,211,125,35,0,0,157,0,0,0,0,0,0,0,34,168,0,0,14,0,0,145,112,122,39,0,64,58,0,11,20,182,407,14,0,0,122,202,418,157,14,122,0,341,0,32,67,124,30,66,87,722,52,200,0,38,457,124,0,39,26,74,300,264,64,146,0,0.0,101.0,167.0,10.0,233.0,25.0,0.0,57.0,216.0,42.0,172.0,22.0,79.0,0.0,72.0,116,746,51
450830234032,98,72,91,0,17,0,85,0,0,0,0,0,0,0,13,85,0,0,0,0,0,28,11,94,47,0,0,0,0,35,46,17,180,0,0,0,0,98,180,85,0,0,0,219,0,0,265,130,16,0,41,206,0,0,0,44,95,0,0,17,68,0,69,160,40,9,0,0.0,36.0,102.0,0.0,127.0,0.0,0.0,52.0,96.0,106.0,25.0,0.0,16.0,0.0,12.0,35,304,24
450830230011,353,152,252,19,34,15,204,9,0,0,0,0,0,0,14,362,0,0,19,0,0,79,134,139,21,18,8,31,0,30,47,299,373,15,8,19,34,376,382,204,19,57,0,753,37,17,153,180,40,0,98,1155,0,43,10,89,193,124,0,28,103,120,399,222,101,65,71,0.0,97.0,310.0,10.0,97.0,75.0,41.0,65.0,110.0,241.0,151.0,18.0,41.0,71.0,54.0,0,1012,26
450830224061,365,104,141,64,33,17,187,65,0,0,0,0,0,0,14,232,36,0,35,0,0,53,57,222,39,0,36,0,0,84,173,64,332,0,0,54,17,282,416,187,35,36,20,785,97,0,262,115,0,45,150,913,22,54,0,37,236,17,0,0,37,109,304,259,103,164,21,0.0,38.0,335.0,47.0,124.0,204.0,93.0,132.0,18.0,196.0,166.0,0.0,50.0,35.0,39.0,42,851,31
450830228023,320,167,140,6,0,21,217,14,0,0,0,0,0,0,32,164,0,17,23,39,0,56,73,115,86,0,0,49,0,52,21,123,330,23,0,56,49,236,344,217,39,49,0,578,0,26,116,230,44,0,165,856,16,69,0,26,186,17,0,49,112,115,347,147,104,11,50,24.0,92.0,187.0,97.0,95.0,136.0,0.0,27.0,70.0,104.0,152.0,21.0,178.0,142.0,39.0,212,637,0
450830234011,231,108,170,33,32,7,182,35,16,0,0,0,0,0,42,98,22,5,17,21,13,82,50,130,80,0,4,12,5,54,32,107,311,0,9,56,12,162,372,182,56,21,21,516,93,0,108,271,46,21,97,808,21,94,39,85,172,22,0,52,137,74,181,158,158,54,85,11.0,74.0,306.0,12.0,95.0,84.0,10.0,43.0,185.0,49.0,143.0,11.0,47.0,78.0,34.0,240,487,63
450830207012,26,48,55,25,0,14,143,46,0,0,0,0,0,0,0,44,0,0,91,0,0,6,13,14,0,0,0,0,0,44,14,0,19,48,0,43,0,44,33,143,91,0,46,406,59,0,72,38,59,64,87,47,0,32,39,56,30,0,7,129,54,105,63,6,0,0,189,0.0,0.0,71.0,0.0,22.0,0.0,0.0,0.0,0.0,82.0,66.0,0.0,25.0,0.0,0.0,301,56,0
450830211001,50,60,6,0,0,0,184,0,13,0,0,0,0,0,0,21,0,0,49,0,0,9,0,31,0,0,6,0,0,0,0,21,40,55,0,0,0,60,53,184,10,6,0,70,5,0,66,0,16,0,104,127,0,0,20,80,17,6,0,50,124,35,52,52,0,0,48,0.0,31.0,49.0,0.0,0.0,23.0,0.0,0.0,39.0,0.0,77.0,0.0,0.0,0.0,0.0,263,50,0
450830211002,191,93,27,28,5,0,149,0,0,0,0,0,0,0,0,43,5,32,65,0,0,28,39,22,11,67,20,12,0,7,12,29,100,25,34,38,99,48,100,149,97,99,0,309,7,11,39,76,85,0,31,165,105,110,0,107,94,58,0,105,152,81,58,83,14,0,233,0.0,9.0,150.0,0.0,37.0,45.0,4.0,17.0,17.0,60.0,46.0,0.0,33.0,23.0,8.0,341,146,0
450830222023,205,82,14,0,0,0,144,21,0,0,0,0,0,0,0,14,0,0,95,0,0,26,54,21,9,74,0,8,0,0,0,14,110,41,0,64,72,14,119,144,95,73,21,174,11,38,17,29,60,27,63,153,81,87,21,43,93,45,0,20,179,126,109,26,6,0,91,0.0,19.0,52.0,0.0,46.0,5.0,5.0,5.0,47.0,24.0,55.0,0.0,31.0,14.0,0.0,129,273,19
450830224032,157,110,193,12,18,9,189,25,0,0,0,0,0,0,87,116,59,0,14,0,0,30,86,28,45,0,34,0,0,44,0,218,189,36,0,0,12,262,189,189,14,34,25,496,26,92,0,210,30,18,72,819,0,12,58,25,84,40,0,46,43,43,299,160,122,0,60,0.0,33.0,123.0,39.0,121.0,31.0,30.0,31.0,64.0,105.0,131.0,16.0,101.0,54.0,45.0,51,662,0
450830227004,321,143,58,64,0,43,161,14,37,0,0,0,0,0,86,63,20,0,70,0,0,73,132,115,0,0,0,70,0,0,39,130,320,0,0,89,51,169,380,161,70,47,14,691,19,21,151,82,16,0,101,655,149,126,14,39,299,27,0,13,135,118,233,224,103,15,85,56.0,56.0,269.0,68.0,62.0,50.0,35.0,57.0,44.0,13.0,137.0,15.0,141.0,82.0,19.0,0,767,74
450830205001,62,5,4,14,0,0,99,15,0,0,0,0,0,0,5,0,0,0,11,0,0,9,10,0,0,19,24,7,0,0,0,9,15,15,0,5,41,5,24,99,11,50,10,45,18,0,0,7,6,0,48,35,30,73,25,51,22,37,0,15,85,59,27,13,0,0,34,6.0,22.0,45.0,0.0,0.0,28.0,0.0,0.0,9.0,0.0,14.0,8.0,11.0,4.0,10.0,175,24,0
450830210012,144,4,34,11,33,0,52,0,38,0,0,0,0,0,0,0,0,0,73,11,0,22,0,4,0,33,70,13,0,0,0,0,26,65,42,11,82,0,53,52,84,116,11,374,58,13,0,64,61,0,39,57,14,166,79,0,50,58,0,13,187,63,40,13,0,0,146,0.0,14.0,39.0,0.0,68.0,0.0,0.0,81.0,46.0,11.0,0.0,0.0,0.0,11.0,0.0,290,15,20
450830216001,173,99,143,19,0,0,236,13,0,0,0,0,0,0,18,25,0,35,0,0,63,23,64,68,7,18,13,41,59,43,12,0,150,0,0,118,111,43,171,236,98,130,5,228,36,35,53,355,62,14,110,248,131,297,5,91,140,21,6,125,56,170,228,98,0,6,169,0.0,55.0,251.0,0.0,41.0,5.0,116.0,46.0,11.0,0.0,66.0,15.0,235.0,61.0,7.0,324,252,54
450830235001,147,30,17,0,0,0,207,56,0,0,0,0,0,0,0,0,0,14,0,0,0,71,32,24,17,0,0,36,0,0,0,0,144,14,0,0,36,14,216,207,0,20,0,17,0,12,138,70,0,0,97,127,0,20,0,98,189,0,0,9,101,149,123,50,6,19,34,0.0,0.0,84.0,0.0,122.0,25.0,13.0,18.0,0.0,22.0,4.0,0.0,85.0,20.0,89.0,132,325,0
450830233022,147,150,119,83,40,0,210,10,0,0,0,0,0,0,67,87,80,0,72,23,0,18,43,41,35,0,53,11,9,45,42,166,118,11,21,63,73,266,147,210,63,73,0,588,21,0,179,388,90,0,148,596,85,95,0,62,64,72,0,50,176,144,186,194,9,0,116,0.0,124.0,249.0,49.0,187.0,0.0,62.0,109.0,107.0,114.0,106.0,25.0,66.0,11.0,18.0,252,334,173
450830234051,182,54,66,46,27,0,119,44,0,0,0,0,0,0,28,49,38,12,69,0,0,57,5,62,10,30,15,0,0,48,12,73,116,13,12,56,45,140,178,119,56,34,11,380,24,40,84,61,49,0,60,419,91,7,11,19,134,47,29,11,76,94,176,99,48,34,64,0.0,92.0,115.0,10.0,128.0,29.0,14.0,15.0,16.0,51.0,101.0,29.0,32.0,29.0,7.0,79,459,0
450830224052,187,111,93,63,9,33,173,15,0,0,0,0,0,0,74,96,22,0,14,17,0,49,89,71,43,0,0,21,0,27,79,99,239,0,0,31,21,192,268,173,31,10,10,631,25,34,93,143,33,0,90,629,0,53,0,49,205,44,21,7,48,65,201,191,84,88,12,0.0,21.0,128.0,50.0,108.0,39.0,20.0,96.0,93.0,79.0,119.0,0.0,98.0,80.0,8.0,26,617,31
450830218042,80,85,36,9,0,5,47,16,0,0,0,0,0,0,0,8,0,0,92,6,0,9,24,6,31,6,12,21,0,17,24,3,34,16,1,93,27,72,75,47,34,39,11,215,72,19,43,116,0,0,28,220,21,50,19,0,39,23,11,41,71,62,58,42,0,4,51,0.0,8.0,192.0,2.0,57.0,20.0,0.0,0.0,53.0,16.0,37.0,0.0,4.0,59.0,0.0,44,172,57
450830214012,103,61,14,0,0,0,43,4,4,0,0,0,0,0,7,7,0,0,24,0,0,43,38,28,7,0,18,6,0,0,0,14,116,9,15,6,18,23,124,43,15,24,0,72,6,9,47,40,15,4,0,114,16,21,0,34,143,21,0,18,45,28,83,47,8,0,4,0.0,23.0,49.0,6.0,27.0,26.0,4.0,5.0,9.0,17.0,40.0,4.0,4.0,17.0,0.0,0,229,0
450830217001,54,86,32,39,13,22,129,38,0,0,0,0,0,0,0,12,16,13,45,0,0,20,0,0,21,31,24,10,54,0,12,16,41,0,58,0,119,41,71,129,45,108,19,369,0,17,62,138,52,0,70,135,82,87,37,42,39,51,24,99,77,104,36,43,54,0,114,24.0,124.0,153.0,0.0,0.0,0.0,33.0,0.0,15.0,39.0,59.0,0.0,59.0,26.0,0.0,83,202,128
450830212001,63,19,0,0,0,0,191,25,0,0,0,0,0,0,0,0,0,0,9,0,0,7,19,18,0,10,19,0,0,0,0,0,44,9,0,0,29,0,63,191,9,20,15,10,0,70,60,0,9,26,72,49,25,15,0,49,17,20,13,13,74,64,55,60,22,10,20,0.0,10.0,41.0,8.0,44.0,0.0,0.0,14.0,34.0,32.0,84.0,15.0,17.0,0.0,27.0,86,182,0
450830203011,88,31,32,21,13,2,108,23,0,0,0,0,0,0,0,0,0,30,52,13,0,0,6,9,0,8,26,41,2,0,0,0,15,5,32,58,77,0,37,108,95,70,8,268,0,0,31,24,59,0,64,31,92,156,22,44,16,21,0,54,127,36,91,2,0,8,107,0.0,10.0,42.0,0.0,0.0,10.0,8.0,0.0,17.0,7.0,67.0,0.0,25.0,68.0,0.0,221,53,0
450830204001,28,12,48,0,0,0,56,27,0,0,0,0,0,0,4,12,0,0,12,0,0,0,7,8,0,13,0,15,17,8,6,10,7,6,0,19,32,16,28,56,12,32,27,103,24,18,17,82,12,0,34,67,22,53,34,4,8,0,0,28,20,47,70,6,0,0,46,0.0,16.0,58.0,0.0,6.0,0.0,40.0,6.0,0.0,0.0,56.0,0.0,38.0,0.0,11.0,138,33,0
450830213032,82,113,17,0,0,0,237,0,0,0,0,0,0,0,0,0,0,103,70,0,0,13,0,9,0,0,0,0,17,0,0,0,22,0,0,173,17,70,22,237,103,17,0,185,0,98,142,0,17,0,80,20,59,122,0,59,27,39,0,91,70,169,110,9,0,0,60,0.0,0.0,86.0,0.0,85.0,70.0,0.0,28.0,0.0,20.0,0.0,0.0,72.0,19.0,0.0,336,113,0
